topic_id,dialogue_type,info_count,contains_target_keyword
1000-drake pledge,Topic,7,False
11111 test journal,Journal,2,False
A1_10_MehraMilo,Journal,3,False
A1_11_ZainsubaniGift,Journal,2,False
A1_11_ZainsubaniInformant,Journal,3,False
A1_1_FindSpymaster,Journal,6,False
A1_2_AntabolisInformant,Journal,3,False
A1_4_MuzgobInformant,Journal,5,False
A1_6_AddhiranirrInformant,Journal,6,False
A1_7HuleeyaInformant,Journal,3,False
A1_Dreams,Journal,2,False
A1_SleeperDreamer02,Journal,3,False
A1_SleepersAwake,Journal,4,False
A1_Sleepers_Alvura,Journal,2,False
A1_Sleepers_Assi,Journal,2,False
A1_Sleepers_Daynasa,Journal,2,False
A1_Sleepers_Dralas,Journal,2,False
A1_Sleepers_Drarayne,Journal,2,False
A1_Sleepers_Dravasa,Journal,2,False
A1_Sleepers_Endris,Journal,2,False
A1_Sleepers_Eralane,Journal,2,False
A1_Sleepers_Llandras,Journal,2,False
A1_Sleepers_Neldris,Journal,2,False
A1_Sleepers_Nelmil,Journal,2,False
A1_Sleepers_Rararyn,Journal,2,False
A1_Sleepers_Relur,Journal,2,False
A1_Sleepers_Vireveri,Journal,2,False
A1_Sleepers_Vivyne,Journal,2,False
A1_V_VivecInformants,Journal,4,False
A2_1_Kurapli_Zallay,Journal,3,False
A2_1_MeetSulMatuul,Journal,3,False
A2_1_Supplies,Journal,2,False
A2_1_Supplies2,Journal,2,False
A2_2_6thHouse,Journal,3,False
A2_3_CorprusCure,Journal,2,False
A2_3_CorprusKiller,Journal,2,False
A2_3_CorprusSafe,Journal,2,False
A2_3_Corprus_Vistha,Journal,2,False
A2_4_MiloCaiusGone,Journal,2,False
A2_4_MiloGone,Journal,2,False
A2_4_MiloGone_books,Journal,2,False
A2_4_MiloPrisonSafe,Journal,2,False
A2_4_Milo_hola_go,Journal,2,False
A2_6_Ane_Teria,Journal,2,False
A2_6_Conoon,Journal,2,False
A2_6_Erur-Dan,Journal,2,False
A2_6_Hort-Ledd,Journal,2,False
A2_6_Idrenie,Journal,2,False
A2_6_Incarnate,Journal,14,False
A2_6_Peakstar,Journal,2,False
Abebaal Egg Mine,Topic,1,False
Abolitionists,Topic,7,False
Addhiranirr,Topic,20,False
Admire Fail,Persuasion,39,False
Admire Success,Persuasion,37,False
Adraria Vandacia,Topic,7,False
Adusamsi,Topic,2,False
Advancement,Topic,4,False
Aengoth the Jeweler,Topic,10,False
Aesliip,Topic,5,False
Agrippina Herrenia,Topic,3,False
Aharasaplit camp,Topic,3,False
Ahaz,Topic,1,False
Ahemmusa,Topic,3,False
Ahemmusa Nerevarine,Topic,7,False
Ahemmusa camp,Topic,11,False
Ahnassi,Topic,4,False
Ahnia,Topic,8,False
Airan's Teeth,Topic,2,False
Akatosh,Topic,14,False
Alarm,Voice,1,False
Ald Daedroth,Topic,1,True
Ald Redaynia,Topic,5,False
Ald Sotha,Topic,12,False
Ald Velothi,Topic,13,False
Ald'ruhn,Topic,10,False
Aldmeri,Topic,4,False
Aldmeris,Topic,2,False
Alembic,Topic,2,False
Alfe Fyr,Topic,1,False
Almalexia,Topic,9,False
Altmer,Topic,13,False
Altmer trainers,Topic,6,False
Alveleg,Topic,2,False
Alynu Aralen,Topic,2,False
Amulet of Ashamanu,Topic,2,False
Amulet of Unity,Topic,7,False
Anareren's Devil Tanto,Topic,9,False
Ancestral Tomb,Topic,2,False
Andasreth,Topic,5,False
Andrano Ancestral Tomb,Topic,2,False
Anes Vendu,Topic,6,False
Antecedents of Dwemer Law,Topic,2,False
Antonius Nuncius,Topic,14,False
Anumidium,Topic,6,False
Apelles Matius,Topic,1,False
Apographa,Topic,1,False
Apologies,Topic,9,False
Arch-Mage,Topic,5,False
Archmagister Gothren,Topic,3,False
Arena,Topic,1,False
Arethan Mandas,Topic,16,False
Argonian,Topic,5,False
Argonian Mission,Topic,1,False
Argonian neighbors,Topic,3,False
Argonians,Topic,5,False
Arkay,Topic,6,False
Arkngthand,Topic,1,False
Arnsa Thendas,Topic,5,False
Arobar Manor,Topic,7,False
Arvama Rathri,Topic,9,False
Arvel Manor,Topic,1,False
Arvel family,Topic,2,False
Ascadian Isles,Topic,12,False
Asciene Rane,Topic,2,False
Ash Yams,Topic,7,False
Ash Zombie,Topic,2,False
Ash woe,Topic,4,False
Ash-chancre,Topic,13,False
Asha-Ahhe Egg Mine,Topic,7,False
Ashalmawia,Topic,4,False
Ashalmimilkala,Topic,2,False
Ashimanu Mine,Topic,4,False
Ashkhan Kaushad,Topic,2,False
Ashlander challenges,Topic,4,False
Ashlander courtesy,Topic,4,False
Ashlander culture,Topic,4,False
Ashlander customs,Topic,6,False
Ashlander gifts,Topic,5,False
Ashlander nomadic camp style,Topic,2,False
Ashlander worship,Topic,1,False
Ashlanders,Topic,16,False
Ashlanders and foreigners,Topic,1,False
Ashlanders hate foreigners,Topic,7,False
Ashlanders in war,Topic,1,False
Ashlands,Topic,18,False
Ashstorms in Mournhold,Topic,4,False
Ashu-Ahhe,Topic,1,False
Assaba-Bentus,Topic,3,False
Assantus Hansar,Topic,7,False
Assemanu,Topic,1,False
Assernerairan,Topic,4,False
Ataxia,Topic,4,False
Athyn Llethan,Topic,1,False
Athyn Sarethi,Topic,4,False
Attack,Voice,57,False
Attack on guar hide trader,Topic,4,False
Audenian Valius,Topic,1,False
Aundae,Topic,3,False
Aurane Frernis,Topic,8,False
Auriel's Bow,Topic,10,False
Auriel's Shield,Topic,9,False
Avon Oran,Topic,2,False
Azura's Coast,Topic,17,False
Azura's Fool,Topic,1,False
B1_UnifyUrshilaku,Journal,2,False
B1_UrshilakuKill,Journal,2,False
B2_AhemmusaKill,Journal,2,False
B2_AhemmusaSafe,Journal,2,False
B2_AhemmusaWalk,Journal,2,False
B2a_Kausi,Journal,2,False
B2b_Dutadalk,Journal,2,False
B2c_Yenammu,Journal,2,False
B3_ZainabBride,Journal,4,False
B3_ZainabKill,Journal,2,False
B4_ErabenimsunKill,Journal,2,False
B4_HeartFire,Journal,2,False
B4_KillWarLovers,Journal,3,False
B4_Robe,Journal,2,False
B4_WarAxe,Journal,2,False
B4_WarLoverKill,Journal,2,False
B5_ArobarHort,Journal,2,False
B5_LlethriHort,Journal,2,False
B5_MorvaynHort,Journal,2,False
B5_RamoranHort,Journal,2,False
B5_RedoranBook,Journal,2,False
B5_RedoranHort,Journal,4,False
B5_SarethiHort,Journal,2,False
B5_VenimHort,Journal,2,False
B6_BeroHort,Journal,2,False
B6_CurioHort,Journal,2,False
B6_DrenHortator,Journal,2,False
B6_HlaaluBook,Journal,2,False
B6_HlaaluHort,Journal,2,False
B6_OmaniHort,Journal,2,False
B6_UlesHort,Journal,2,False
B6_YnglingHort,Journal,2,False
B7_AryonHort,Journal,2,False
B7_BaladasHort,Journal,2,False
B7_DrathaHort,Journal,2,False
B7_GothrenHort,Journal,2,False
B7_NelothHort,Journal,2,False
B7_TelvanniBook,Journal,2,False
B7_TelvanniHort,Journal,4,False
B7_TheranaHort,Journal,2,False
B8_All_Hortator,Journal,2,False
B8_All_Nerevarine,Journal,2,False
B8_BackDoor1,Journal,2,False
B8_BackDoor2,Journal,2,False
B8_BackDoor3,Journal,2,False
B8_BackDoor4,Journal,2,False
B8_BackDoor5,Journal,2,False
B8_BackDoor6,Journal,2,False
B8_Failed_Nerevarine,Journal,2,False
B8_MeetVivec,Journal,3,False
B8_Nibani_2_Vivec,Journal,2,False
BM_Airship,Journal,13,False
BM_Airship_a,Journal,3,False
BM_Airship_c,Journal,3,False
BM_BearHunt1,Journal,16,False
BM_BearHunt2,Journal,5,False
BM_Beasts,Journal,8,False
BM_Bloodskal01,Journal,1,False
BM_BrodirGrove,Journal,9,False
BM_CariusGone,Journal,8,False
BM_Ceremony1,Journal,5,False
BM_Ceremony2,Journal,5,False
BM_CursedCaptain,Journal,6,False
BM_CursedCaptain_a,Journal,2,False
BM_Draugr,Journal,16,False
BM_Earth,Journal,7,False
BM_Falmer,Journal,8,False
BM_FrostGiant1,Journal,14,False
BM_FrostGiant2,Journal,5,False
BM_FurArmor,Journal,3,False
BM_Ingmar,Journal,10,False
BM_Lycanthropycure,Journal,3,False
BM_MeadHall,Journal,11,False
BM_MeadHall_a,Journal,2,False
BM_MeadHall_b,Journal,3,False
BM_MeadHall_c,Journal,3,False
BM_Missionary,Journal,11,False
BM_MoonSugar,Journal,9,False
BM_Morale,Journal,16,False
BM_Retribution,Journal,9,False
BM_Rumors,Journal,4,False
BM_SadSeer,Journal,10,False
BM_SkaalAttack,Journal,10,False
BM_Smugglers,Journal,17,False
BM_Stones,Journal,14,False
BM_Sun,Journal,6,False
BM_Trees,Journal,6,False
BM_Trial,Journal,14,False
BM_Tymvaul,Journal,9,False
BM_Water,Journal,6,False
BM_WildHunt,Journal,30,False
BM_Wind,Journal,4,False
BM_WolfGiver,Journal,14,False
BM_WolfGiver_a,Journal,2,False
BM_WomanScorned,Journal,8,False
Background,Topic,10,False
Bacola Closcius,Topic,3,False
Bad Daedra,Topic,9,True
Bal Fell,Topic,8,False
Bal Molagmer,Topic,23,False
Bal Ur region,Topic,1,False
Baladas,Topic,17,False
Balen Andrano,Topic,3,False
Balmora,Topic,21,False
Balmora Fighters Guild,Topic,4,False
Balmora Mages Guild,Topic,1,False
Balmora Temple,Topic,1,False
Balur Salvu,Topic,1,False
Banden Indarys,Topic,9,False
Barenziah,Topic,21,False
Barilzar's Mazed Band,Topic,21,False
Baro Egnatius,Topic,6,False
Barracks,Topic,1,False
Baslod,Topic,4,False
Bastards,Topic,1,False
Bedal Alen,Topic,8,False
Beden Giladren,Topic,21,False
Beds,Topic,2,False
Belan makes the leaflets,Topic,2,False
Bels Uvenim,Topic,7,False
Beluelle's silver bowl,Topic,11,False
Berne,Topic,3,False
Bethamez,Topic,9,False
Betmeri,Topic,4,False
Beyte Fyr,Topic,1,False
BiPolar Blade,Topic,9,False
Big Helende,Topic,9,False
Bitter Coast,Topic,8,False
Bitter Coast region,Topic,2,False
Bitter Cup,Topic,16,False
Bivale Teneran,Topic,11,False
Black Dart Gang,Topic,10,False
Black Jinx,Topic,20,False
Black Marsh,Topic,5,False
Black-heart,Topic,4,False
Blades,Topic,0,False
Blades Apprentice,Topic,3,False
Blades Trainers,Topic,16,False
Bloodmoon Prophecy,Topic,6,False
Bloodworm Helm,Topic,9,False
Boethiah's Pillow Book,Topic,10,False
Bologra,Topic,1,False
Bolvyn Venim,Topic,12,False
Bonemeal,Topic,3,False
Bonewalker,Topic,3,False
Boots of Blinding Speed,Topic,10,False
Boots of the Apostle,Topic,5,False
Bosmer,Topic,5,False
Bow of Shadows,Topic,9,False
Bralen Carvaren,Topic,15,False
Brallion,Topic,5,False
Brallion's Ring,Topic,25,False
Brara Morvayn,Topic,7,False
Braynas Hlervu,Topic,2,False
Breton,Topic,5,False
Bribe Fail,Persuasion,20,False
Bribe Success,Persuasion,20,False
Brilnosu Llarys,Topic,8,False
Brodir Grove,Topic,1,False
Brood of Lord Irarak,Topic,3,False
Brown Rot,Topic,4,False
Bthuand,Topic,1,False
Buoyant Armigers,Topic,20,False
C0_Act_C,Journal,2,False
C0_Act_C_Expo,Journal,2,False
C2_Sunder,Journal,2,False
C3_DestroyDagoth,Journal,2,False
CO_1,Journal,8,False
CO_10,Journal,13,False
CO_11,Journal,8,False
CO_12,Journal,6,False
CO_12a,Journal,8,False
CO_13,Journal,9,False
CO_13a,Journal,8,False
CO_2,Journal,11,False
CO_3,Journal,9,False
CO_3a,Journal,3,False
CO_3b,Journal,3,False
CO_4,Journal,11,False
CO_5,Journal,13,False
CO_6,Journal,12,False
CO_6a,Journal,7,False
CO_7,Journal,12,False
CO_8,Journal,9,False
CO_8a,Journal,6,False
CO_9,Journal,9,False
CO_9a,Journal,11,False
CO_Choice,Journal,5,False
CO_Estate,Journal,6,False
CX_BackPath,Journal,5,False
Caius Cosades,Topic,16,False
Calcinator,Topic,2,False
Caldera,Topic,12,False
Caldera Mining Company,Topic,2,False
Caldera ebony mines,Topic,16,False
Caldera mining contracts,Topic,30,False
Calvario,Topic,3,False
Camonna Tong,Topic,1,False
Canctunian Ponius,Topic,2,False
Captain Carius,Topic,16,False
Carecalmo,Topic,2,False
Carnius Magius,Topic,31,False
Caryarel,Topic,10,False
Cassius Olcinius,Topic,5,False
Castle Karstaag,Topic,7,False
Census and Excise agent,Topic,8,False
Chair of Dwemer Studies,Topic,1,False
Chanthrax,Topic,4,False
Chapel Limeware Bowl,Topic,5,False
Chills,Topic,4,False
Chimarvamidium,Topic,21,False
Chimer,Topic,2,False
Chronicles of Nchuleft,Topic,1,False
Chrysamere,Topic,12,False
Ciralinde,Topic,6,False
Cleaver of St. Felms,Topic,10,False
Clockwork City,Topic,1,False
Cloudcleaver,Topic,11,False
Collywobbles,Topic,4,False
Colony_update,Journal,7,False
Conjuration expert,Topic,16,False
Corky,Topic,6,False
Corprus,Topic,4,False
Corprus Stalker,Topic,17,False
Corprusarium,Topic,5,False
Council Club,Topic,1,False
Counsel,Topic,14,False
Crassius Curio,Topic,3,False
Crimson Plague,Topic,11,False
Crosier of St. Llothis,Topic,10,False
Cuirass of the Savior's Hide,Topic,9,False
Cunius Pelelius,Topic,17,False
Cure Blight,Topic,15,False
Cure Disease potion,Topic,20,False
Cyrodiil,Topic,5,False
Cyrodiilic brandy,Topic,3,False
DA_Azura,Journal,4,False
DA_Boethiah,Journal,3,False
DA_Malacath,Journal,3,False
DA_Mehrunes,Journal,3,False
DA_Mephala,Journal,4,False
DA_MolagBal,Journal,3,False
DA_Sheogorath,Journal,4,False
Daedra,Topic,5,True
Daedra Lords,Topic,1,True
Daedra Skin,Topic,13,True
Daedra cults,Topic,1,True
Daedra worship,Topic,4,True
Daedra's Pawn,Topic,1,True
Daedra's heart,Topic,2,True
Daedric,Topic,2,True
Daedric sites,Topic,2,True
Daedric summonings,Topic,4,True
Dagger of Symmachus,Topic,9,False
Dagon Fel,Topic,10,False
Dagoth Tanis,Topic,7,False
Dagoth Ur,Topic,74,False
Dagoth Ur winning,Topic,1,False
Dagoth Ur's defenses,Topic,1,False
Dagoth Ur's plans,Topic,2,False
Dagoth Ur's powers,Topic,1,False
Dagoth Ur's servants,Topic,3,False
Dagoth brandy,Topic,4,False
Dahrk Mezalf,Topic,7,False
Dampworm,Topic,4,False
Danar Uvelas,Topic,2,False
Dandsa,Topic,5,False
Daric Bielle,Topic,3,False
Darius,Topic,7,False
Dark Brotherhood,Topic,2,False
Darl Elf savant,Topic,1,False
Darts of Judgement,Topic,10,False
Davina,Topic,6,False
Delte Fyr,Topic,1,False
Delvam Andarys,Topic,6,False
Delyna Mandas,Topic,17,False
Detect Creatures Potion,Topic,16,False
Dibella,Topic,6,False
Dilborn,Topic,7,False
Disappearance of the Dwarves,Topic,11,False
Dissapla Mine,Topic,18,False
Dissident Priests,Topic,3,False
Divayth Fyr,Topic,6,False
Divine Intervention,Topic,14,False
Divine Intervention scrolls,Topic,5,False
Divine Metaphysics,Topic,11,False
Dragonbone Cuirass,Topic,9,False
Drake's Pride,Topic,9,False
Dram Bero,Topic,1,False
Dranas Sarathram,Topic,2,False
Draramu Hloran,Topic,4,False
Dratha,Topic,6,False
Dren Plantation,Topic,3,False
Drerel was killed,Topic,1,False
Drinar Varyon,Topic,17,False
Dro'Sakhar,Topic,13,False
Dro'Zhirr,Topic,2,False
Droops,Topic,11,False
Droth Dagger,Topic,19,False
Drulene Falen,Topic,2,False
Dumac,Topic,1,False
Dunirai Caverns,Topic,7,False
Dunmer,Topic,14,False
Dunmer metropolitan style,Topic,2,False
Dunmer savant,Topic,1,False
Dunmer scout,Topic,1,False
Dunmer urban style,Topic,4,False
Dunmer village style,Topic,2,False
Dura gra-Bol,Topic,10,False
Durzogs,Topic,1,False
Duvianus Platorius,Topic,2,False
Dwarven,Topic,1,False
DwarvenMystery,Journal,1,False
Dwemer,Topic,16,False
Dwemer Animunculi,Topic,9,False
Dwemer Battle Shield,Topic,2,False
Dwemer Tube,Topic,11,False
Dwemer artifact,Topic,1,False
Dwemer artifacts,Topic,23,False
Dwemer boots,Topic,2,False
Dwemer centurions,Topic,2,False
Dwemer goblet,Topic,16,False
Dwemer language,Topic,5,False
Dwemer piece,Topic,4,False
Dwemer puzzle box,Topic,4,False
Dwemer ruins,Topic,5,False
Dwemer sites,Topic,1,False
Dwemer's sin,Topic,1,False
EB_Actor,Journal,4,False
EB_Bone,Journal,6,False
EB_Clients,Journal,4,False
EB_DeadMen,Journal,3,False
EB_Deed,Journal,4,False
EB_Express,Journal,3,False
EB_False,Journal,4,False
EB_Invisible,Journal,5,False
EB_Pest,Journal,3,False
EB_Shipment,Journal,5,False
EB_TradeSpy,Journal,4,False
EB_Unrequited,Journal,4,False
East Empire Company,Topic,5,False
Ebonheart,Topic,21,False
Ebony Mail,Topic,18,False
Edryno Arethi,Topic,3,False
Egg of Time,Topic,12,False
Eggmine,Topic,22,False
Elanande,Topic,6,False
Elberoth,Topic,9,False
Elbert Nermarc,Topic,4,False
Eleidon's Ward,Topic,9,False
Elf-Skerring,Topic,2,False
Elith-Pal Mine,Topic,11,False
Elmussa Damori,Topic,10,False
Elone,Topic,1,False
Elsweyr,Topic,6,False
Elven ancestry,Topic,2,False
Emperor Crab,Topic,2,False
Empire,Topic,20,False
Enamor,Topic,10,False
End of Times,Topic,7,False
Engaer,Topic,6,False
Engar Ice-Mane,Topic,9,False
Eno Romari,Topic,6,False
Erabenimsun,Topic,2,False
Erabenimsun Nerevarine,Topic,4,False
Erabenimsun camp,Topic,13,False
Erich the Unworthy,Topic,18,False
Errand,Topic,4,False
Estate Sale,Topic,10,False
Ethal Seloth,Topic,10,False
Ethes Evos,Topic,1,False
Eydis Fire-Eye,Topic,6,False
FG_AlofsFarm,Journal,3,False
FG_BeneranBounty,Journal,3,False
FG_BigBosses,Journal,4,False
FG_CorprusStalker,Journal,5,False
FG_DebtOrc,Journal,4,False
FG_DebtStoine,Journal,3,False
FG_DeseleDebt,Journal,3,False
FG_DissaplaMine,Journal,4,False
FG_DuniraiSupply,Journal,4,False
FG_Egg_Poachers,Journal,3,False
FG_ElithPalSupply,Journal,4,False
FG_EngaerBounty,Journal,3,False
FG_FindPudai,Journal,3,False
FG_HungerLoose,Journal,3,False
FG_KhajiitBounty,Journal,3,False
FG_KillBosses,Journal,3,False
FG_KillCronies,Journal,3,False
FG_KillHardHeart,Journal,3,False
FG_Nchurdamz,Journal,4,False
FG_OrcBounty,Journal,3,False
FG_RatHunt,Journal,4,False
FG_Sanit,Journal,3,False
FG_SilenceMagistrate,Journal,3,False
FG_SilenceTaxgirl,Journal,3,False
FG_Sottilde,Journal,3,False
FG_SuranBandits,Journal,4,False
FG_Telasero,Journal,4,False
FG_Telvanni_agents,Journal,3,False
FG_TenimBounty,Journal,3,False
FG_TongueToad,Journal,3,False
FG_Vas,Journal,4,False
FG_VerethiGang,Journal,3,False
Falco Galenus,Topic,10,False
Falensarano,Topic,1,False
False Gods,Topic,2,False
False Incarnate,Topic,20,False
Falura Llervu,Topic,2,False
Fang of Haynekhtnamet,Topic,9,False
Fargoth's hiding place,Topic,10,False
Farvyn Oreyn,Topic,2,False
Fast Eddie,Topic,1,False
Favel Tomb,Topic,1,False
Favor,Topic,30,False
Fedris Hler,Topic,22,False
Fedris Tharen,Topic,8,False
Felen Maryon's staff,Topic,11,False
Felsen Sethandus,Topic,2,False
Fen Madach,Topic,1,False
Feruren Oran,Topic,3,False
Fevyn Ralen,Topic,4,False
Fields of Kummu,Topic,1,False
Fifth trial,Topic,5,False
Fighters Guild,Topic,30,False
Fire and Faith,Topic,1,False
First trial,Topic,1,False
Flee,Voice,34,False
Flesh Made Whole,Topic,13,False
Fons Beren,Topic,7,False
Food,Topic,2,False
Foreign Quarter,Topic,1,False
Fork of Horripilation,Topic,2,False
Fort Buckmoth,Topic,1,False
Fort Darius,Topic,2,False
Fort Frostmoth,Topic,19,False
Fort Moonmoth,Topic,2,False
Fort business,Topic,1,False
Forts,Topic,2,False
Forven Berano,Topic,8,False
Fothyna Herothran,Topic,2,False
Founder's Helm,Topic,13,False
Four Corners,Topic,10,False
Fourth trial,Topic,5,False
Foyada Mamaea,Topic,3,False
Frald the White,Topic,2,False
Furius Acilius,Topic,3,False
Gadayn Andarys,Topic,5,False
Gaea Artoria,Topic,13,False
Galasa Uvayn,Topic,8,False
Galmis Dren,Topic,1,False
Galom Daeus,Topic,9,False
Galur Rithari's papers,Topic,10,False
Gambolpuddy,Topic,2,False
Game Pieces,Topic,1,False
Gang War,Topic,1,False
Garisa Llethri,Topic,6,False
Gates of Symmachus,Topic,0,False
Gateway,Topic,2,False
Gateway haunting,Topic,20,False
Gavas Drin,Topic,22,False
Gedna Relvel,Topic,7,False
Gentleman Jim Stacey,Topic,13,False
Geon Auline,Topic,4,False
Ghostfence,Topic,24,False
Ghostgate,Topic,30,False
Ghoul heart,Topic,2,False
Gildan,Topic,1,False
Girith's guar hides,Topic,9,False
Glathel,Topic,1,False
Gnaar Mok,Topic,10,False
Gnisis,Topic,9,False
Gnisis Temple,Topic,1,False
Godsreach,Topic,16,False
Goldbrand,Topic,9,False
Golena Sadri,Topic,11,False
Gothren,Topic,3,False
Goval Ralen,Topic,8,False
Grahl,Topic,3,False
Grandmaster,Topic,6,False
Grandmaster's Retort,Topic,6,False
Graring,Topic,6,False
Grazelands,Topic,12,False
Great Bazaar,Topic,11,False
Great Houses,Topic,30,False
Greenspore,Topic,4,False
Greeting 0,Greeting,12,False
Greeting 1,Greeting,1069,False
Greeting 2,Greeting,68,False
Greeting 3,Greeting,1,False
Greeting 4,Greeting,16,False
Greeting 5,Greeting,3,False
Greeting 6,Greeting,70,False
Greeting 7,Greeting,6,False
Greeting 8,Greeting,20,False
Greeting 9,Greeting,1,False
Grytewake,Topic,2,False
Guild Dues,Topic,19,False
Guild disciplines,Topic,1,False
Guildmaster,Topic,3,False
Gurak gro-Bagrat,Topic,1,False
Guril Retheran,Topic,8,False
HH_AshlanderEbony,Journal,4,False
HH_BankCourier,Journal,3,False
HH_BankFraud,Journal,4,False
HH_BeroSupport,Journal,4,False
HH_BuriedTreasure,Journal,4,False
HH_CaptureSpy,Journal,5,False
HH_Crassius,Journal,3,False
HH_DestroyIndarysManor,Journal,3,False
HH_DestroyTelUvirith,Journal,3,False
HH_DisguisedArmor,Journal,5,False
HH_EbonyDelivery,Journal,4,False
HH_EggMine,Journal,5,False
HH_EscortMerchant,Journal,3,False
HH_GuardMerchant,Journal,4,False
HH_IndEsp1,Journal,4,False
HH_IndEsp2,Journal,5,False
HH_IndEsp3,Journal,3,False
HH_IndEsp4,Journal,4,False
HH_LiteracyCampaign,Journal,3,False
HH_NordSmugglers,Journal,3,False
HH_Odirniran,Journal,3,False
HH_RentCollector,Journal,4,False
HH_ReplaceDocs,Journal,3,False
HH_Retaliation,Journal,7,False
HH_Stronghold,Journal,4,False
HH_SunkenTreasure,Journal,3,False
HH_TheExterminator,Journal,4,False
HH_TwinLamps1,Journal,3,False
HH_TwinLamps3,Journal,3,False
HH_WinCamonna,Journal,4,False
HH_WinSaryoni,Journal,3,False
HR_Archmaster,Journal,3,False
HR_ArobarKidnap,Journal,3,False
HR_AshimanuMine,Journal,3,False
HR_AttackRethan,Journal,3,False
HR_AttackUvirith,Journal,3,False
HR_BillCollect,Journal,3,False
HR_CalderaCorrupt,Journal,3,False
HR_CalderaDisrupt,Journal,3,False
HR_ClearSarethi,Journal,4,False
HR_Courier,Journal,3,False
HR_CowardDisgrace,Journal,4,False
HR_CultElimination,Journal,3,False
HR_DagothTanis,Journal,3,False
HR_FindDalobar,Journal,4,False
HR_FindGiladren,Journal,3,False
HR_FindTharen,Journal,4,False
HR_FoundersHelm,Journal,4,False
HR_GuardGuarHerds,Journal,4,False
HR_GuardManor,Journal,0,False
HR_GuardSarethi,Journal,3,False
HR_HlaanoSlanders,Journal,3,False
HR_HonorChallenge,Journal,4,False
HR_Kagouti,Journal,3,False
HR_KoalCave,Journal,3,False
HR_LostBanner,Journal,3,False
HR_MadMilk,Journal,4,False
HR_MorvaynManor,Journal,3,False
HR_MudcrabNest,Journal,4,False
HR_OldBlueFin,Journal,3,False
HR_OldFlame,Journal,5,False
HR_OrethiSisters,Journal,3,False
HR_RansomMandas,Journal,3,False
HR_RedasTomb,Journal,4,False
HR_RescueSarethi,Journal,3,False
HR_ShishiReport,Journal,4,False
HR_Shurinbaal,Journal,3,False
HR_SixthHouseBase,Journal,3,False
HR_Stronghold,Journal,3,False
HR_TaxCollector,Journal,3,False
HT_Archmagister,Journal,3,False
HT_AttackIndarys,Journal,3,False
HT_AttackRethan,Journal,3,False
HT_AurielBow,Journal,3,False
HT_BaladasAlly,Journal,3,False
HT_BlackJinx,Journal,3,False
HT_ChroniclesNchuleft,Journal,2,False
HT_CureBlight,Journal,3,False
HT_DaedraSkin,Journal,3,True
HT_DahrkMezalf,Journal,3,False
HT_DrakePride,Journal,3,False
HT_DwemerLaw,Journal,6,False
HT_EddieAmulet,Journal,3,False
HT_EddieRing,Journal,3,False
HT_FireAndFaith,Journal,2,False
HT_FleshAmulet,Journal,3,False
HT_FyrMessage,Journal,3,False
HT_KillNeloth,Journal,3,False
HT_MineCure,Journal,3,False
HT_Monopoly,Journal,4,False
HT_Muck,Journal,3,False
HT_NchuleftKey,Journal,3,False
HT_Odirniran,Journal,3,False
HT_RecruitEddie,Journal,3,False
HT_Shishi,Journal,3,False
HT_SilverDawn,Journal,3,False
HT_SlaveRebellion,Journal,4,False
HT_SloadSoap,Journal,3,False
HT_SpyBaladas,Journal,3,False
HT_Stronghold,Journal,3,False
HT_TheranaClothes,Journal,3,False
HT_WizardSpells,Journal,3,False
Haj-Ei,Topic,8,False
Hall of Justice,Topic,5,False
Hall of Wisdom,Topic,2,False
Halls of the Dead,Topic,6,False
Hammerfell,Topic,5,False
Han-Ammu,Topic,2,False
Hands,Topic,1,False
Hands of Almalexia,Topic,17,False
Hanging Gardens,Topic,6,False
Hannat Zainsubani,Topic,4,False
Harrowing,Topic,1,False
Hasphat Antabolis,Topic,1,False
Hassour,Topic,7,False
Hassour Zainsubani,Topic,9,False
Helljoint,Topic,4,False
Hello,Voice,189,False
Helm of Oreyn Bearclaw,Topic,9,False
Helseth,Topic,24,False
Her Hands,Topic,2,False
Her profession,Topic,5,False
Hetman Abelmawia,Topic,1,False
Hides His Eyes,Topic,7,False
Hides His Eyes is Haj-Ei,Topic,6,False
High Fane,Topic,2,False
High Ordinators,Topic,16,False
High Rock,Topic,5,False
Hit,Voice,4,False
Hla Oad,Topic,8,False
Hlaalu Compound,Topic,1,False
Hlaalu Hortator,Topic,99,False
Hlaalu Treasury,Topic,4,False
Hlaalu councilors,Topic,10,False
Hlaren Ramoran,Topic,7,False
Hlervu Locket,Topic,24,False
Hlireni Indavel,Topic,5,False
Hloggar the Bloody,Topic,10,False
Hlormar,Topic,3,False
Holamayan,Topic,2,False
Honthjolf,Topic,5,False
Hortator,Topic,2,False
Hortator and Nerevarine,Topic,2,False
Hortator's duty,Topic,4,False
Hospitality Papers,Topic,8,False
Hospitality_Papers,Journal,2,False
House Dagoth,Topic,1,False
House Dres,Topic,5,False
House Hlaalu,Topic,19,False
House Indoril,Topic,5,False
House Redoran,Topic,15,False
House Telvanni,Topic,22,False
House Wars,Topic,9,False
Hroldar the Strange,Topic,16,False
Hrordis,Topic,2,False
Hrothmund's Barrow,Topic,2,False
Hrundi's woman,Topic,12,False
Huleen's hut,Topic,16,False
Huleeya,Topic,6,False
Humanoid Races,Topic,4,False
Humans,Topic,2,False
Hunter's Game,Topic,2,False
Hunter's plan,Topic,2,False
IC0_Akatosh_token,Journal,1,False
IC0_ImperialCult,Journal,1,False
IC0_Maran_token,Journal,1,False
IC0_Septim_token,Journal,1,False
IC0_Stendarr_token,Journal,1,False
IC10_Hoki,Journal,2,False
IC10_Lirielle,Journal,2,False
IC10_Tongue,Journal,2,False
IC10_aengoth,Journal,2,False
IC10_baradras,Journal,2,False
IC10_buckmoth_alms,Journal,3,False
IC10_buckmoth_not,Journal,2,False
IC10_cienne,Journal,2,False
IC10_codus,Journal,2,False
IC10_dular,Journal,2,False
IC10_edwinna,Journal,2,False
IC10_erranil,Journal,2,False
IC10_estoril,Journal,2,False
IC10_galthragoth,Journal,2,False
IC10_malpenix,Journal,2,False
IC10_manis,Journal,2,False
IC10_merthierry,Journal,2,False
IC10_persius,Journal,2,False
IC10_tauryon,Journal,2,False
IC10_yak,Journal,2,False
IC11_shirt,Journal,3,False
IC11_shirt_not,Journal,2,False
IC12_Bacola,Journal,2,False
IC12_Banor,Journal,2,False
IC12_Benunius,Journal,2,False
IC12_Dulnea,Journal,2,False
IC12_dinner,Journal,3,False
IC12_dinner_not,Journal,2,False
IC13_fight,Journal,2,False
IC13_rich,Journal,4,False
IC13_rich_not,Journal,2,False
IC13_rumor,Journal,2,False
IC13_slave,Journal,2,False
IC14_Delay,Journal,2,False
IC14_Demand,Journal,2,False
IC14_Flacassia,Journal,2,False
IC14_Mossanon,Journal,2,False
IC14_NotTell,Journal,2,False
IC14_Okan,Journal,2,False
IC14_Ponius,Journal,8,False
IC14_Ponius_not,Journal,2,False
IC14_Promise,Journal,2,False
IC14_Shazgob,Journal,2,False
IC14_Sinyaramen,Journal,2,False
IC14_Tell,Journal,2,False
IC15_Missing_Limeware,Journal,3,False
IC15_Missing_not,Journal,2,False
IC16_Haunting,Journal,3,False
IC16_Haunting_not,Journal,2,False
IC17_Witch,Journal,3,False
IC17_Witch_not,Journal,2,False
IC18_Silver_Staff,Journal,4,False
IC18_Silver_not,Journal,2,False
IC19_Restless_Spirit,Journal,3,False
IC19_Restless_not,Journal,2,False
IC1_marshmerrow,Journal,4,False
IC1_marshmerrow_not,Journal,2,False
IC24_OracleQuest,Journal,1,False
IC25_JonHawker,Journal,3,False
IC25_JonHawker_free,Journal,2,False
IC26_AmaNin,Journal,4,False
IC26_AmaNin_free,Journal,2,False
IC27_Oracle,Journal,4,False
IC27_Oracle_A,Journal,2,False
IC28_Urjorad,Journal,4,False
IC29_Crusher,Journal,3,False
IC2_Muck,Journal,4,False
IC2_Muck_not,Journal,2,False
IC30_Imperial_veteran,Journal,3,False
IC3_willow,Journal,4,False
IC3_willow_not,Journal,2,False
IC4_scrib,Journal,4,False
IC4_scrib_A,Journal,2,False
IC4_scrib_not,Journal,2,False
IC5_corkbulb,Journal,4,False
IC5_corkbulb_not,Journal,2,False
IC6_Rat,Journal,4,False
IC6_Rat_not,Journal,2,False
IC7_netch,Journal,4,False
IC7_netch_not,Journal,2,False
IC8_Bedraflod,Journal,2,False
IC8_Briring,Journal,2,False
IC8_Eiruki,Journal,2,False
IC8_Heidmir,Journal,2,False
IC8_Ingokning,Journal,2,False
IC9_Argonian_alms,Journal,5,False
IC9_Argonian_not,Journal,2,False
IC9_slave_hiding,Journal,2,False
IC_8_Nord_alms,Journal,5,False
IC_8_Nord_alms_not,Journal,2,False
IC_guide,Journal,2,False
IL_Blueprints,Journal,3,False
IL_Courtesy,Journal,4,False
IL_Damsel,Journal,4,False
IL_FalseOrdinator,Journal,3,False
IL_GiantNetch,Journal,3,False
IL_GnisisBlight,Journal,4,False
IL_Grandmaster,Journal,3,False
IL_KnightShield,Journal,3,False
IL_MaidenToken,Journal,5,False
IL_Necromancer,Journal,3,False
IL_ProtectEntius,Journal,4,False
IL_RescueHermit,Journal,4,False
IL_RescueKnight,Journal,4,False
IL_RescuePilgrim,Journal,4,False
IL_RescueRagash,Journal,4,False
IL_ScrapMetal,Journal,3,False
IL_Smuggler,Journal,4,False
IL_TalosTreason,Journal,3,False
IL_TaxesBaladas,Journal,3,False
IL_TraitorCoven,Journal,3,False
IL_TraitorWarrior,Journal,3,False
IL_WidowLand,Journal,4,False
Ice Blade of the Monarch,Topic,10,False
Idle,Voice,811,False
Idroso Vendu,Topic,10,False
Ienas Sarandas,Topic,10,False
Ienith,Topic,15,False
Ihinipalit,Topic,8,False
Ilmeni Dren,Topic,7,False
Ilnori Faustus,Topic,3,False
Ilunibi,Topic,4,False
Ilunibi shrine,Topic,1,False
Imperial,Topic,6,False
Imperial Blades,Topic,3,False
Imperial Guard,Topic,1,False
Imperial Legion,Topic,9,False
Imperial Office of Census and Excise,Topic,1,False
Imperial corruption,Topic,4,False
Imperial cult,Topic,33,False
Imperial cult doctrine,Topic,12,False
Imperial cult ranks,Topic,4,False
Imperial culture,Topic,4,False
Imperial guilds,Topic,1,False
Imperial law,Topic,2,False
Imperial matter,Topic,8,False
Imperial neighbors,Topic,4,False
Imperial provinces,Topic,5,False
Imperial urban style,Topic,2,False
Imsin the Dreamer,Topic,2,False
Inanius egg mine,Topic,17,False
Indrele Rathryon,Topic,4,False
Info Refusal,Persuasion,21,False
Inner Sea,Topic,3,False
Intimidate Fail,Persuasion,23,False
Intimidate Success,Persuasion,26,False
Intruder,Voice,51,False
Irgola,Topic,5,False
Itermerel's notes,Topic,14,False
J'Saddha,Topic,15,False
Jadier Mannick,Topic,6,False
Jeanne,Topic,3,False
Jobasha,Topic,1,False
Jobasha's Rare Books,Topic,4,False
Jocien Ancois,Topic,16,False
Joncis Dalomax,Topic,7,False
Juicedaw Feather Ring,Topic,12,False
Julianos,Topic,6,False
Julielle's amulet,Topic,2,False
Justice Offices,Topic,4,False
Kagouti den,Topic,4,False
Kagrenac's Journals,Topic,1,False
Kagrenac's Planbook,Topic,1,False
Kagrenac's Tools,Topic,1,False
Kagrenac's enchantments,Topic,1,False
Karpal,Topic,1,False
Karrod,Topic,18,False
Karstangz-Bcharn,Topic,5,False
Keening,Topic,1,False
Khajiit,Topic,20,False
Kharag gro-Khar,Topic,3,False
Khartag Point,Topic,8,False
Khuul,Topic,7,False
King Llethan's death,Topic,48,False
Kjeld,Topic,2,False
Koal Cave,Topic,10,False
Kogoruhn,Topic,1,False
Korst Wind-Eye,Topic,8,False
Kynareth,Topic,6,False
Lady of Mercy,Topic,1,False
Lake Amaya,Topic,1,False
Lake Fjalding,Topic,5,False
Larrius Varro,Topic,1,False
Last Living Dwarf,Topic,1,False
Lette,Topic,9,False
Library of Vivec,Topic,1,False
Linus Iulus,Topic,3,False
Lirielle Stoine,Topic,4,False
Living Gods,Topic,1,False
Llethri Manor,Topic,7,False
Llevule Andrano,Topic,1,False
Llovyn Andus,Topic,7,False
Llunela Hleran,Topic,3,False
Lorbumol gro-Aglakh,Topic,6,False
Lord Irarak,Topic,6,False
Lord's Mail,Topic,12,False
Lord's friendship,Topic,2,False
Lost Kogoruhn,Topic,14,False
Lucan's shipment,Topic,13,False
Lugrub gro-Ogdum,Topic,7,False
M'nashi,Topic,1,False
MG_Advancement,Journal,5,False
MG_Apprentice,Journal,4,False
MG_BCShrooms,Journal,3,False
MG_Bethamez,Journal,3,False
MG_Bowl,Journal,3,False
MG_Dwarves,Journal,3,False
MG_EscortScholar1,Journal,3,False
MG_EscortScholar2,Journal,3,False
MG_Excavation,Journal,4,False
MG_Flowers,Journal,3,False
MG_Guildmaster,Journal,3,False
MG_JoinUs,Journal,3,False
MG_KillNecro1,Journal,3,False
MG_KillNecro2,Journal,3,False
MG_KillTelvanni,Journal,3,False
MG_Mzuleft,Journal,3,False
MG_NchuleftBook,Journal,3,False
MG_PayDues,Journal,3,False
MG_Potion,Journal,3,False
MG_ReturnBook,Journal,3,False
MG_Sabotage,Journal,3,False
MG_Science,Journal,3,False
MG_Sharn_Necro,Journal,3,False
MG_SoulGem2,Journal,3,False
MG_SpyCatch,Journal,4,False
MG_StaffMagnus,Journal,3,False
MG_StealBook,Journal,3,False
MG_StolenReport,Journal,3,False
MG_StopCompetition,Journal,4,False
MG_Telvanni,Journal,3,False
MG_VampVol2,Journal,3,False
MG_VampireCure,Journal,3,False
MG_WarlocksRing,Journal,3,False
MG_WiseWoman,Journal,4,False
MS_Adulterer,Journal,12,False
MS_Apologies,Journal,4,False
MS_ArenimTomb,Journal,4,False
MS_Armor_Crafter,Journal,1,False
MS_BadPets,Journal,4,False
MS_BarbarianBook,Journal,11,False
MS_BarbarianBookC,Journal,2,False
MS_BarbarianBook_B,Journal,3,False
MS_BarbarianBooks,Journal,0,False
MS_BattleBots1,Journal,9,False
MS_BattleBots2,Journal,4,False
MS_BlackDart,Journal,11,False
MS_BlackDart_B,Journal,2,False
MS_Bouncer,Journal,13,False
MS_Bouncer_Galms,Journal,2,False
MS_ClutterCollector,Journal,10,False
MS_CrimsonPlague,Journal,18,False
MS_EstateSale,Journal,11,False
MS_FargothRing,Journal,3,False
MS_Gold_kanet_flower,Journal,3,False
MS_Hannat,Journal,5,False
MS_HatandSkirt,Journal,6,False
MS_HentusPants,Journal,3,False
MS_HolyElf,Journal,14,False
MS_JobHunt,Journal,5,False
MS_JobashaAbolitionist,Journal,3,False
MS_Liar,Journal,0,False
MS_Lookout,Journal,4,False
MS_MatchMaker,Journal,15,False
MS_Museum,Journal,2,False
MS_Natural,Journal,5,False
MS_Nord_burial,Journal,1,False
MS_Nuccius,Journal,3,False
MS_Performers,Journal,9,False
MS_Piernette,Journal,3,False
MS_RaGruzgob,Journal,2,False
MS_ScrollSales,Journal,8,False
MS_Summoner,Journal,5,False
MS_Thief,Journal,10,False
MS_Trerayna_bounty,Journal,3,False
MS_Umbra,Journal,4,False
MS_VampireCure,Journal,3,False
MS_VassirDidanat,Journal,3,False
MS_Warlords,Journal,15,False
MS_Warlords_a,Journal,6,False
MS_WhiteGuar,Journal,4,False
MS_propylon,Journal,1,False
MT_DB_AldSotha,Journal,3,False
MT_DB_Assernerairan,Journal,3,False
MT_DB_Carecalmo,Journal,3,False
MT_DB_Contact,Journal,3,False
MT_DB_Darys,Journal,4,False
MT_Grandmaster,Journal,4,False
MT_S_BalancedArmor,Journal,1,False
MT_S_DeepBiting,Journal,1,False
MT_S_Denial,Journal,1,False
MT_S_Fleetness,Journal,2,False
MT_S_FluidEvasion,Journal,1,False
MT_S_GlibSpeech,Journal,1,False
MT_S_Golden,Journal,1,False
MT_S_Green,Journal,1,False
MT_S_Hewing,Journal,1,False
MT_S_HornyFist,Journal,1,False
MT_S_Impaling,Journal,1,False
MT_S_Leaping,Journal,1,False
MT_S_MartialCraft,Journal,1,False
MT_S_NimbleArmor,Journal,1,False
MT_S_Red,Journal,1,False
MT_S_Safekeeping,Journal,1,False
MT_S_Silver,Journal,1,False
MT_S_Smiting,Journal,1,False
MT_S_Stalking,Journal,1,False
MT_S_StolidArmor,Journal,1,False
MT_S_Sublime,Journal,2,False
MT_S_Sureflight,Journal,1,False
MT_S_Swiftblade,Journal,1,False
MT_S_Transcendent,Journal,1,False
MT_S_Transfiguring,Journal,1,False
MT_S_Unseen,Journal,1,False
MT_WritBaladas,Journal,4,False
MT_WritBelvayn,Journal,4,False
MT_WritBemis,Journal,4,False
MT_WritBero,Journal,4,False
MT_WritBrilnosu,Journal,4,False
MT_WritGalasa,Journal,4,False
MT_WritGuril,Journal,4,False
MT_WritMavon,Journal,4,False
MT_WritNavil,Journal,4,False
MT_WritNeloth,Journal,3,False
MT_WritOran,Journal,3,False
MT_WritSadus,Journal,4,False
MT_WritSaren,Journal,4,False
MT_WritTherana,Journal,4,False
MT_WritVarro,Journal,4,False
MT_WritVendu,Journal,4,False
MT_WritYasalmibaal,Journal,4,False
MV_3_Charming,Journal,6,False
MV_AbusedHealer,Journal,5,False
MV_AngryTrader,Journal,6,False
MV_BanditVictim,Journal,7,False
MV_Bastard,Journal,4,False
MV_BountyHunter,Journal,4,False
MV_Bugrol,Journal,4,False
MV_CultistVictim,Journal,5,False
MV_DeadTaxman,Journal,3,False
MV_FakeSlave,Journal,8,False
MV_InnocentAshlanders,Journal,5,False
MV_LostRing,Journal,3,False
MV_MissingCompanion,Journal,6,False
MV_MonsterDisease,Journal,4,False
MV_OutcastAshlanders,Journal,4,False
MV_ParalyzedBarbarian,Journal,4,False
MV_PoorPilgrim,Journal,6,False
MV_RecoverWidowmaker,Journal,6,False
MV_RichPilgrim,Journal,5,False
MV_RichTrader,Journal,6,False
MV_RunawaySlave,Journal,7,False
MV_SkoomaCorpse,Journal,4,False
MV_SlaveMule,Journal,9,False
MV_StrayedPilgrim,Journal,9,False
MV_ThiefTrader,Journal,7,False
MV_TraderAbandoned,Journal,4,False
MV_TraderLate,Journal,4,False
MV_TraderMissed,Journal,7,False
MV_VictimRomance,Journal,5,False
MV_WanderingPilgrim,Journal,4,False
Maar Gan,Topic,15,False
Mace of Molag Bal,Topic,9,False
Mace of Slurring,Topic,9,False
Madstone,Topic,1,False
Madura Seran,Topic,20,False
Maelkashishi,Topic,0,False
Mages Guild,Topic,25,False
Mages Guild monopoly,Topic,12,False
Magister,Topic,13,False
Mallapi,Topic,2,False
Manat Varnan-Adda,Topic,8,False
Manilian Scerius,Topic,6,False
Mantle of Woe,Topic,8,False
Mara,Topic,6,False
Marena Gilnith,Topic,39,False
Marsus Tullius,Topic,2,False
Marsus Tullius' hides,Topic,3,False
Mask of Vivec,Topic,1,False
Masque of Clavicus Vile,Topic,2,False
Master Aryon,Topic,2,False
Master Barelo,Topic,1,False
Master Neloth,Topic,2,False
Mathis Dalobar,Topic,15,False
Mathyn Bemis,Topic,8,False
Maurrie Aurmine,Topic,2,False
Maurrie and Nelos,Topic,5,False
Maurrie's glove,Topic,2,False
Maurrie's jewels,Topic,4,False
Mavon Drenim,Topic,8,False
Meet someone new,Topic,30,False
Mehra Drora,Topic,1,False
Mehra Milo,Topic,9,False
Mehrunes Dagon,Topic,1,False
Menelras,Topic,6,False
Meow,Topic,2,False
Meralyn Othan,Topic,3,False
Merc_Calvus,Journal,4,False
Merc_Calvus_Quit,Journal,1,False
Merta,Topic,3,False
Miner Arobar,Topic,22,False
Ministry of Truth,Topic,10,False
Mirisa never returned,Topic,33,False
Mistress Dratha,Topic,2,False
Mistress Therana,Topic,1,False
Molag Amur,Topic,14,False
Molag Mar,Topic,10,False
Moon-and-Star,Topic,3,False
Morag Tong,Topic,19,False
More Ashlander raids,Topic,1,False
More Blight Storms,Topic,5,False
Moroni Uvelas,Topic,2,False
Morrowind,Topic,16,False
Morrowind cultures,Topic,2,False
Morrowind history,Topic,11,False
Morrowind lore,Topic,7,False
Morrowind's economy,Topic,2,False
Morrowind's neighbors,Topic,7,False
Mortar and Pestle,Topic,2,False
Mortrag Glacier,Topic,8,False
Morvayn Manor,Topic,5,False
Mossanon,Topic,31,False
Mount Kand,Topic,9,False
Mournhold,Topic,1,False
Mouth,Topic,20,False
Movis Darys,Topic,6,False
Mudan-Mul Egg Mine,Topic,9,False
Mudcrab,Topic,4,False
Murudius Flaeus,Topic,12,False
Museum of Artifacts,Topic,2,False
My judgement,Topic,5,False
Myn Dhrur,Topic,2,False
Mystery of the Dwarves,Topic,1,False
Nads Tharen,Topic,21,False
Nalcarya of White Haven,Topic,4,False
Nalvilie Saren,Topic,30,False
Nalvyna Sarinith,Topic,7,False
Nchuleft,Topic,6,False
Nchuleftingth,Topic,4,False
Nchurdamz,Topic,6,False
Nedhelas,Topic,6,False
Nelos Onmar,Topic,4,False
Neloth,Topic,4,False
Nels Llendo,Topic,9,False
Nerano Ancestral Tomb,Topic,1,False
Nerano Manor,Topic,14,False
Nerer Beneran,Topic,6,False
Nerevar,Topic,13,False
Nerevarine,Topic,2,False
Nerevarine cult,Topic,17,False
Nerevarine prophecies,Topic,70,False
Nevena Ules,Topic,4,False
New-Shoes Bragor,Topic,19,False
Nine Divines,Topic,19,False
Nine-Toes,Topic,5,False
Nord,Topic,5,False
Nord neighbors,Topic,4,False
Nord village,Topic,4,False
Nord woman,Topic,4,False
Nordic,Topic,1,False
Nords,Topic,4,False
Not his real name,Topic,1,False
Note From Ernil,Topic,5,False
Odai,Topic,2,False
Odaishah Yasalmibaal,Topic,8,False
Odirniran,Topic,30,False
Okur,Topic,4,False
Old Blue Fin,Topic,4,False
Ondres Nerano,Topic,10,False
One destiny,Topic,1,False
Oneness,Topic,2,False
Optio Bologra,Topic,3,False
Oracle's Quests,Topic,9,False
Orc,Topic,6,False
Orcs at a Daedric ruin,Topic,10,True
Order of the Watch,Topic,1,False
Orders,Topic,3,False
Ordinators,Topic,37,False
Ordinators have failed,Topic,3,False
Oreyn Bearclaw,Topic,6,False
Oritius Maro,Topic,6,False
Orphan of Arnesia,Topic,21,False
Orvas Dren,Topic,20,False
Ouada Samsi,Topic,1,False
Padomaic Ocean,Topic,3,False
Palace of Vivec,Topic,1,False
Peace in Black Marsh,Topic,1,False
Peakstar,Topic,4,False
Pelagiad,Topic,12,False
Pemenie the trader,Topic,5,False
Player of the Game,Topic,9,False
Plaza Brindisi Dorom,Topic,9,False
Plitinius Mero,Topic,2,False
Prelude,Topic,7,False
Processus' Ring,Topic,3,False
Progress of Truth,Topic,1,False
Protector of Morrowind,Topic,1,False
Pudai Egg Mine,Topic,7,False
Puzzle Canal,Topic,1,False
Pyroil Tar,Topic,4,False
Quarra,Topic,3,False
Quarra Blood Potion,Topic,8,False
Queen Mother,Topic,4,False
Ra'Gruzgob,Topic,5,False
Rabinna,Topic,6,False
Ragash gra-Shuzgub,Topic,19,False
Ralen Hlaalo,Topic,36,False
Ralen Tilvur,Topic,13,False
Ranabi,Topic,1,False
Rasha's shirts,Topic,3,False
Rattles,Topic,4,False
Raven Rock,Topic,17,False
Raynasa Rethan,Topic,9,False
Reavers,Topic,4,False
Recall the Legions,Topic,1,False
Red Book of Riddles,Topic,8,False
Red Mountain,Topic,18,False
Redas Tomb,Topic,9,False
Redguard,Topic,5,False
Redoran Compound,Topic,1,False
Redoran Cooking Secrets,Topic,17,False
Redoran Hortator,Topic,88,False
Redoran Master Helm,Topic,7,False
Redoran councilors,Topic,9,False
Reeh-Jah,Topic,9,False
Relam Arinith,Topic,5,False
Relmerea Saram,Topic,2,False
Rels Tenim,Topic,8,False
Renda's Dower,Topic,2,False
Repeal of the War Tax,Topic,1,False
Report to Caius Cosades,Topic,9,False
Requirements,Topic,13,False
Restore Health potions,Topic,1,False
Retort,Topic,2,False
Reynel Uvirith,Topic,10,False
Rieklings,Topic,7,False
Rigmor Halfhand,Topic,12,False
Rimintil,Topic,4,False
Ring in Darkness,Topic,8,False
Ring of Equity,Topic,9,False
Ring of Phynaster,Topic,9,False
Ring of the Wind,Topic,9,False
Risi Ice-Mane,Topic,12,False
Ristaag,Topic,18,False
Rithleen,Topic,1,False
Ritual of the Gifts,Topic,3,False
Robe of the Lich,Topic,9,False
Robot Arena,Topic,4,False
Rockjoint,Topic,4,False
Rogue Telvanni,Topic,3,False
Rolasa Oren,Topic,4,False
Rollie,Topic,3,False
Romance_Ahnassi,Journal,22,False
Rothan Tomb,Topic,3,False
Rotheran,Topic,1,False
Rovone Arvel,Topic,2,False
Royal Guard,Topic,16,False
Rufinus Alleius,Topic,11,False
Ruran Stoine,Topic,2,False
Rust Chancre,Topic,4,False
S'Bakha,Topic,7,False
Sadrith Mora,Topic,6,False
Saenus Lusius,Topic,13,False
Saint Aralor,Topic,4,False
Saint Delyn,Topic,3,False
Saint Felms,Topic,4,False
Saint Llothis,Topic,3,False
Saint Meris,Topic,3,False
Saint Nerevar,Topic,3,False
Saint Olms,Topic,3,False
Saint Rilms,Topic,4,False
Saint Roris,Topic,4,False
Saint Seryn,Topic,4,False
Saint Veloth,Topic,8,False
Salas Valor,Topic,1,False
Salyn Sarethi,Topic,3,False
Sanctus Shrine,Topic,10,False
Sanguine Balanced Armor,Topic,6,False
Sanguine Deep Biting,Topic,6,False
Sanguine Denial,Topic,6,False
Sanguine Enterprise,Topic,2,False
Sanguine Fleetness,Topic,8,False
Sanguine Fluid Evasion,Topic,6,False
Sanguine Glib Speech,Topic,6,False
Sanguine Golden Wisdom,Topic,6,False
Sanguine Green Wisdom,Topic,6,False
Sanguine Hewing,Topic,5,False
Sanguine Horny Fist,Topic,6,False
Sanguine Impaling Thrust,Topic,6,False
Sanguine Leaping,Topic,6,False
Sanguine Martial Craft,Topic,6,False
Sanguine Nimble Armor,Topic,6,False
Sanguine Red Wisdom,Topic,6,False
Sanguine Safekeeping,Topic,6,False
Sanguine Silver Wisdom,Topic,6,False
Sanguine Smiting,Topic,6,False
Sanguine Stalking,Topic,6,False
Sanguine Stolid Armor,Topic,6,False
Sanguine Sublime Wisdom,Topic,7,False
Sanguine Sureflight,Topic,6,False
Sanguine Swiftblade,Topic,6,False
Sanguine Transcendence,Topic,6,False
Sanguine Transfiguring,Topic,6,False
Sanguine Unseen Wisdom,Topic,6,False
Saprius Entius,Topic,15,False
Sarano Tomb,Topic,6,False
Sarayn Sadus,Topic,8,False
Sargon,Topic,6,False
Saryoni's Sermons,Topic,5,False
Sathasa Nerothren,Topic,2,False
Savile Imayn,Topic,1,False
Scamp,Topic,4,False
Scamp skin,Topic,2,False
Sea of Ghosts,Topic,3,False
Second trial,Topic,2,False
Seizing of the Erabenimsun,Topic,2,False
Seler Favelnim,Topic,16,False
Serpiginous dementia,Topic,4,False
Service Refusal,Persuasion,4,False
Services,Topic,24,False
Seven Graces,Topic,8,False
Seven trials,Topic,6,False
Seventh trial,Topic,2,False
Sevil,Topic,2,False
Seyda Neen,Topic,10,False
Shal,Topic,1,False
Sharn gra-Muzgob,Topic,1,False
Sheogorad,Topic,6,False
Sheogorath,Topic,2,False
Shishi,Topic,8,False
Shishi report,Topic,14,False
Shoes of St. Rilms,Topic,13,False
Shrine of Boethiah,Topic,4,False
Shrine of the Dead,Topic,13,False
Shulk Egg Mine,Topic,3,False
Shurdan-Raplay,Topic,3,False
Shurinbaal,Topic,8,False
Sigvatr the Strong,Topic,2,False
Silver Staff of Shaming,Topic,6,False
Sinyaramen,Topic,2,False
Sixth House,Topic,99,False
Sixth House base,Topic,3,False
Sixth House cult,Topic,9,False
Sixth House references,Topic,1,False
Sixth House servants,Topic,1,False
Sixth trial,Topic,2,False
Sjoring Hard-Heart,Topic,13,False
Sjorvar Horse-Mouth,Topic,1,False
Skaal,Topic,10,False
Skaal attack,Topic,13,False
Skar,Topic,1,False
Skooma pipe,Topic,3,False
Skull-Crusher,Topic,10,False
Skyrim,Topic,5,False
Skyrim Mission,Topic,1,False
Sleeper attacks,Topic,3,False
Sleepers,Topic,3,False
Sload Soap,Topic,9,False
Smuggling,Topic,2,False
Solstheim,Topic,15,False
Sondaale of Shimmerene,Topic,8,False
Sorkvild the Raven,Topic,13,False
Soscean,Topic,11,False
Sosia's offer,Topic,4,False
Sotha Sil,Topic,13,False
Sottilde,Topic,1,False
Soul sickness,Topic,19,False
South Wall,Topic,17,False
Sovngarde,Topic,1,False
"Sovngarde, a Reexamination",Topic,2,False
Sovor Trandel,Topic,8,False
Spear of Bitter Mercy,Topic,9,False
Special Offers,Topic,21,False
Spectator,Topic,1,False
Spell Breaker,Topic,10,False
Spriggans,Topic,10,False
St. Delyn Canton,Topic,1,False
St. Olms Canton,Topic,1,False
Staff of Hasedoki,Topic,9,False
Staff of Magnus,Topic,10,False
Staff of the Silver Dawn,Topic,14,False
Stalhrim,Topic,26,False
Stalhrim armor,Topic,46,False
Stalhrim weapons,Topic,25,False
Stendarr,Topic,6,False
Stendarr's Hammer,Topic,2,False
Sterdecan's Farm,Topic,6,False
Stupid slaves,Topic,6,False
Sud,Topic,1,False
Sudanit mine,Topic,2,False
Sugar-Lips Habasi,Topic,4,False
Suldreni Salandas,Topic,7,False
Sulipund,Topic,1,False
Summerset Isle,Topic,5,False
Sunel Hlas,Topic,6,False
Suran,Topic,7,False
Surane Leoriane,Topic,1,False
Swamp Fever,Topic,13,False
TG_AldruhnDefenses,Journal,3,False
TG_BadGandosa,Journal,3,False
TG_BalmoraDefenses,Journal,4,False
TG_BitterBribe,Journal,5,False
TG_BrotherBragor,Journal,4,False
TG_BrotherThief,Journal,4,False
TG_CookbookAlchemy,Journal,4,False
TG_DartsJudgement,Journal,4,False
TG_Diamonds,Journal,3,False
TG_EbonyStaff,Journal,5,False
TG_EnemyParley,Journal,4,False
TG_GrandmasterRetort,Journal,3,False
TG_Hostage,Journal,4,False
TG_KillHardHeart,Journal,3,False
TG_KillIenith,Journal,3,False
TG_LootAldruhnMG,Journal,3,False
TG_ManorKey,Journal,3,False
TG_MasterHelm,Journal,3,False
TG_MissionReport,Journal,3,False
TG_OverduePayments,Journal,3,False
TG_RedoranCookbook,Journal,3,False
TG_SS_ChurchPolice,Journal,3,False
TG_SS_Enamor,Journal,3,False
TG_SS_Generosity1,Journal,4,False
TG_SS_Generosity2,Journal,3,False
TG_SS_GreedySlaver,Journal,5,False
TG_SS_Plutocrats,Journal,3,False
TG_SS_Yngling,Journal,4,False
TG_SadrithMoraDefenses,Journal,4,False
TG_VintageBrandy,Journal,3,False
TG_Withershins,Journal,3,False
TR05_People,Journal,5,False
TR05_People_Ravani,Journal,2,False
TR06_Temple,Journal,4,False
TR07_Guard,Journal,7,False
TR08_Hlaalu,Journal,13,False
TR08_Hlaalu_A,Journal,2,False
TR08_Hlaalu_Alen,Journal,2,False
TR08_Hlaalu_Alen_A,Journal,3,False
TR08_Hlaalu_Berano,Journal,2,False
TR08_Hlaalu_Berano_A,Journal,3,False
TR08_Hlaalu_Hloggar,Journal,2,False
TR08_Hlaalu_Hloggar_A,Journal,3,False
TR08_Hlaalu_Ravani,Journal,3,False
TR09_Gee-Pop,Journal,3,False
TR09_Granny,Journal,3,False
TR09_Journalist,Journal,16,False
TR09_Varis,Journal,2,False
TR_Assassins,Journal,12,False
TR_Bamz,Journal,8,False
TR_Blade,Journal,18,False
TR_Champion,Journal,11,False
TR_DBAttack,Journal,0,False
TR_DBHunt,Journal,4,False
TR_KillGoblins,Journal,9,False
TR_MHAttack,Journal,9,False
TR_MazedBand,Journal,13,False
TR_MissingHand_01,Journal,4,False
TR_MissingHand_02,Journal,6,False
TR_ShowPower,Journal,13,False
TR_ShrineDead,Journal,13,False
TR_SothaSil,Journal,7,False
TT_AldDaedroth,Journal,3,True
TT_AldSotha,Journal,3,False
TT_Assarnibibi,Journal,4,False
TT_BalUr,Journal,3,False
TT_Compassion,Journal,4,False
TT_CuringTouch,Journal,4,False
TT_DagonFel,Journal,3,False
TT_DiseaseCarrier,Journal,4,False
TT_FalseIncarnate,Journal,3,False
TT_FelmsCleaver,Journal,4,False
TT_FieldsKummu,Journal,2,False
TT_GalomDeus,Journal,3,False
TT_Ghostgate,Journal,2,False
TT_HairShirt,Journal,4,False
TT_Hassour,Journal,3,False
TT_LlothisCrosier,Journal,4,False
TT_MaarGan,Journal,4,False
TT_MaskVivec,Journal,2,False
TT_Mawia,Journal,3,False
TT_MinistryHeathen,Journal,4,False
TT_MountKand,Journal,4,False
TT_PalaceVivec,Journal,2,False
TT_PilgrimsPath,Journal,2,False
TT_PuzzleCanal,Journal,3,False
TT_RilmsShoes,Journal,4,False
TT_RuddyMan,Journal,2,False
TT_SanctusShrine,Journal,4,False
TT_SevenGraces,Journal,3,False
TT_StAralor,Journal,3,False
TT_StopMoon,Journal,2,False
TT_SupplyMonk,Journal,4,False
Talen Vandas,Topic,14,False
Talk,Topic,17,False
Talos,Topic,4,False
Talos Cult,Topic,15,False
Tanusea Veloth,Topic,5,False
Tarvyn Faren,Topic,8,False
Tashpi Ashibael,Topic,7,False
Taunt Fail,Persuasion,21,False
Taunt Success,Persuasion,20,False
Tear,Topic,1,False
Tel Aruhn,Topic,6,False
Tel Branora,Topic,9,False
Tel Fyr,Topic,10,False
Tel Mora,Topic,8,False
Tel Vos,Topic,7,False
Telvanni Compound,Topic,1,False
Telvanni Council Hall,Topic,1,False
Telvanni Hortator,Topic,85,False
Telvanni Mouths ,Topic,1,False
Telvanni agents,Topic,13,False
Telvanni bride,Topic,16,False
Telvanni bug musk,Topic,5,False
Telvanni councilors,Topic,7,False
Telvanni hospitality,Topic,2,False
Telvanni spy,Topic,22,False
Telvanni tower,Topic,3,False
Telvanni tower urban style,Topic,2,False
Temple,Topic,7,False
Temple Compound,Topic,1,False
Temple informant,Topic,8,False
Temple's doctrine,Topic,17,False
Ten Pace Boots,Topic,9,False
Ten-Tongues Weerhat,Topic,1,False
Tenyeminwe,Topic,8,False
Tharsten Heart-Fang,Topic,13,False
The Common Tongue,Topic,2,False
The Lost Prophecy,Topic,2,False
The Seven Curses,Topic,3,False
Theldyn Virith,Topic,3,False
Thelsa Dral,Topic,2,False
Therana,Topic,6,False
Thief,Voice,120,False
Thieves Guild,Topic,30,False
Thieves Guild bosses,Topic,6,False
Thieves Guild job,Topic,2,False
Third trial,Topic,12,False
Thirsk,Topic,9,False
"Thirsk, a History",Topic,2,False
Tiber Septim,Topic,14,False
Tienius Delitian,Topic,18,False
Tiram Gadar,Topic,3,False
Tirer Belvayn,Topic,8,False
Tongue-Toad,Topic,16,False
Toralf,Topic,4,False
Toris Saren,Topic,8,False
Totem of Claw and Fang,Topic,6,False
Town_Ald_Bevene,Journal,5,False
Town_Ald_Bivale,Journal,5,False
Town_Ald_Daynes,Journal,5,False
Town_Ald_Llethri,Journal,5,False
Town_Ald_Tiras,Journal,5,False
Town_Aldruhn,Journal,1,False
Training,Topic,4,False
Trebonius,Topic,12,False
Trels Varis,Topic,17,False
Tribe Unmourned,Topic,1,False
Tribunal,Topic,9,False
Tribunal Temple,Topic,9,False
Tribunal fight Dagoth Ur,Topic,1,False
Troubles for House Hlaalu,Topic,4,False
Troubles for House Redoran,Topic,2,False
Troubles for House Telvanni,Topic,1,False
Trueflame,Topic,3,False
Tusked Bristleback,Topic,3,False
Twin Lamps,Topic,12,False
Tyermaillin,Topic,1,False
Ulath-Pal,Topic,1,False
Uleni Heleran,Topic,1,False
Ulyne Henim,Topic,5,False
Umbra Sword,Topic,9,False
Uncle Sweetshare,Topic,4,False
Unrest in Cyrodiil City,Topic,3,False
Uriel Septim,Topic,6,False
Urjorad,Topic,3,False
Urshilaku,Topic,3,False
Urshilaku Nerevarine,Topic,8,False
Urshilaku burial caverns,Topic,2,False
Urshilaku camp,Topic,12,False
Uryn Maren,Topic,20,False
Uupse Fyr,Topic,1,False
VA_Rimintil,Journal,3,False
VA_Shashev,Journal,3,False
VA_VampAmulet,Journal,6,False
VA_VampBlood,Journal,4,False
VA_VampBlood2,Journal,3,False
VA_VampChild,Journal,5,False
VA_VampCountess,Journal,6,False
VA_VampCult,Journal,7,False
VA_VampCurse,Journal,4,False
VA_VampDust,Journal,3,False
VA_VampHunter,Journal,7,False
VA_VampMarara,Journal,4,False
VA_VampRich,Journal,4,False
VERY special friend,Topic,1,False
Valbrandr draugr,Topic,5,False
Valenwood,Topic,5,False
Valley of the Wind,Topic,2,False
Vampire dust,Topic,5,False
Vampires of Vvardenfell,Topic,13,False
Vampiric Ring,Topic,9,False
Vanjirra,Topic,5,False
Variner's ghost,Topic,3,False
Varus Vantinius,Topic,5,False
Varvur Sarethi,Topic,16,False
Varyon family,Topic,1,False
Vas,Topic,9,False
Vassir Didanat Mine,Topic,28,False
Vedam Dren,Topic,5,False
Velanda Omani,Topic,3,False
Velfred the Outlaw,Topic,10,False
Veloth's Judgement,Topic,9,False
Venim Manor,Topic,9,False
Verethi Gang,Topic,8,False
Vilandon,Topic,2,False
Vintage Brandy,Topic,7,False
Vivec,Topic,33,False
Vodunius Nuccius,Topic,7,False
Vorar Helas,Topic,9,False
Vorar's moon sugar,Topic,2,False
Vos,Topic,4,False
Vvardenfell,Topic,5,False
Vvardenfell District,Topic,1,False
War Leader,Topic,1,False
War of the First Council,Topic,2,False
Warden,Topic,2,False
Warlock's Ring,Topic,10,False
We see you,Topic,1,False
West Gash,Topic,15,False
Widow Vabdas,Topic,2,False
Widowmaker,Topic,8,False
Witbane,Topic,4,False
Wither,Topic,4,False
Withershins,Topic,6,False
Wizard's Staff,Topic,8,False
Wraithguard's powers,Topic,1,False
Writ,Topic,12,False
Wulf,Topic,4,False
Yagrum Bagarn,Topic,2,False
Yakin,Topic,1,False
Yellow Tick,Topic,4,False
Yngling Half-Troll,Topic,4,False
Yngling Manor,Topic,7,False
Zainab,Topic,2,False
Zainab Nerevarine,Topic,4,False
Zainab camp,Topic,15,False
Zallay Subaddamael,Topic,5,False
Zenithar,Topic,6,False
about my family,Topic,7,False
absorption spells,Topic,7,False
absurd notion,Topic,2,False
accompany you,Topic,12,False
accomplishments are few,Topic,1,False
acrobatics,Topic,1,False
adamantium armor,Topic,44,False
adamantium ore,Topic,1,False
add fire,Topic,3,False
affairs of honor,Topic,16,False
agility,Topic,7,False
aid a poor Argonian,Topic,8,False
aiding me,Topic,14,False
alchemical formulas,Topic,13,False
alchemy,Topic,1,False
alit,Topic,2,False
alit hide,Topic,2,False
all my fault,Topic,2,False
all the problems out there,Topic,9,False
allies,Topic,3,False
almoners,Topic,1,False
alms for the poor,Topic,94,False
alteration,Topic,1,False
alteration potions,Topic,4,False
alteration spells,Topic,7,False
ampoule pod,Topic,2,False
an errand for you,Topic,4,False
ancestor ghost,Topic,2,False
ancestors,Topic,20,False
ancestral burial tombs,Topic,1,False
animal products,Topic,2,False
annoying fool,Topic,7,False
anonymous writer,Topic,37,False
any advice,Topic,2,False
apology from Gadayn,Topic,2,False
apparatus,Topic,2,False
appeal to fairness,Topic,11,False
aquatic potions,Topic,4,False
armed escort,Topic,5,False
armor repair,Topic,6,False
armor repair debts,Topic,21,False
armor styles,Topic,6,False
armor types,Topic,6,False
armorer,Topic,2,False
arrange a meeting,Topic,23,False
ascended sleeper,Topic,2,False
ash ghoul,Topic,11,False
ash salts,Topic,2,False
ash slave,Topic,2,False
ash statue,Topic,33,False
ash storm,Topic,7,False
ash vampire,Topic,2,False
ash yam,Topic,2,False
aspect and uncertain parents,Topic,1,False
assassin would attack,Topic,12,False
assassinated,Topic,10,False
assignment,Topic,149,False
assist,Topic,9,False
assist you,Topic,6,False
athletics,Topic,1,False
atrocities of war,Topic,1,False
atronachs,Topic,2,False
attack on a guar hide trader,Topic,5,False
attack on the Imperial fort,Topic,6,False
attacked while sleeping,Topic,1,False
attract more settlers,Topic,6,False
attractive skirt,Topic,2,False
attribute-damaging,Topic,7,False
attribute-draining,Topic,7,False
author,Topic,3,False
available for hire,Topic,9,False
avoid confrontations,Topic,1,False
axe,Topic,1,False
axes,Topic,6,False
back for another round,Topic,6,False
backup plan,Topic,4,False
bad dreams,Topic,3,False
bad people,Topic,8,False
bandit nearby,Topic,1,False
bandits,Topic,3,False
bandits in Suran,Topic,7,False
barbarian's sad tale,Topic,1,False
bastard Ashlanders,Topic,1,False
battle axe,Topic,1,False
be of some use,Topic,4,False
bears,Topic,4,False
beast must be stopped,Topic,3,False
because of my son,Topic,4,False
become an adventurer,Topic,2,False
becoming a lich,Topic,1,False
been infected,Topic,10,False
beliefs,Topic,4,False
berserkers,Topic,6,False
bet with Galbedir,Topic,9,False
betty netch,Topic,5,False
big orders,Topic,1,False
biography,Topic,1,False
birthsign,Topic,2,False
bit of help,Topic,3,False
bit of misinformation,Topic,2,False
bitter recriminations,Topic,1,False
bittergreen petals,Topic,2,False
black anther,Topic,2,False
black lichen,Topic,2,False
blades_Elone,Journal,1,False
blades_Gildan,Journal,1,False
blades_Nine_Toes,Journal,1,False
blades_Sjorvar,Journal,1,False
blades_Surane,Journal,1,False
blades_elone2,Journal,1,False
blades_gildan2,Journal,1,False
blades_nine_toes2,Journal,1,False
blades_rithleen,Journal,1,False
blades_rithleen2,Journal,1,False
blades_sjorvar2,Journal,1,False
blades_surane2,Journal,1,False
blades_tyermaillin,Journal,1,False
blades_tyermaillin2,Journal,1,False
blasphemy,Topic,1,False
bleak existence,Topic,1,False
blessings,Topic,24,False
blessings of Almalexia,Topic,7,False
blight disease,Topic,15,False
blight diseases,Topic,3,False
blight monsters,Topic,1,False
blight storms,Topic,2,False
blight-sick animals,Topic,1,False
blighted creatures,Topic,2,False
bloat,Topic,2,False
block,Topic,1,False
bloodbath,Topic,2,False
bloody lies,Topic,3,False
blueprints,Topic,11,False
blunt weapon,Topic,1,False
blunt weapons,Topic,6,False
boast,Topic,1,False
body armor,Topic,6,False
bonelord,Topic,2,False
bonewolves,Topic,4,False
book_OnMorrowind,Journal,1,False
book_history,Journal,1,False
booze,Topic,43,False
boring,Topic,6,False
bound armor spells,Topic,7,False
bound weapons spells,Topic,7,False
bounty,Topic,6,False
brandy,Topic,1,False
break my oath,Topic,1,False
breeding netch,Topic,10,False
broadsword,Topic,1,False
broken axe,Topic,2,False
brother in need,Topic,6,False
bull netch,Topic,5,False
bungler's bane,Topic,3,False
bureaucracy,Topic,4,False
business,Topic,7,False
business partner,Topic,7,False
busy,Topic,2,False
can be reached,Topic,1,False
candy treats,Topic,1,False
cantons,Topic,2,False
careless travelers,Topic,4,False
cast that spell,Topic,3,False
catch some slaughterfish,Topic,1,False
cause others to suffer,Topic,1,False
caused some damage,Topic,1,False
causing problems,Topic,5,False
cave rat,Topic,13,False
centurion sphere,Topic,2,False
centurion spider,Topic,2,False
ceramic bowl,Topic,8,False
challenge my station,Topic,1,False
challenges,Topic,5,False
change her luck,Topic,6,False
change the plan,Topic,4,False
childish notions,Topic,1,False
chitin,Topic,1,False
chokeweed,Topic,2,False
choose a Hortator,Topic,5,False
choosing a Great House,Topic,4,False
chores,Topic,1,False
citizens of the Empire,Topic,3,False
clanfriend,Topic,1,False
clannfear,Topic,2,False
clay-brained Nord,Topic,1,False
claymore,Topic,1,False
clear your name,Topic,2,False
cliff racer,Topic,2,False
clothes,Topic,2,False
club,Topic,1,False
clutter,Topic,1,False
coda flower,Topic,2,False
code book,Topic,20,False
coded message,Topic,12,False
collector,Topic,5,False
comberry,Topic,2,False
come to die,Topic,1,False
come to submit,Topic,1,False
come unprepared,Topic,3,False
commercial potions,Topic,4,False
common disease,Topic,6,False
compassion,Topic,12,False
compensation,Topic,5,False
competition,Topic,1,False
conjuration,Topic,1,False
conjuration spells,Topic,7,False
conspiracy against the Emperor,Topic,5,False
construction contract,Topic,11,False
contract,Topic,2,False
control the Ordinators,Topic,16,False
convinced my son,Topic,1,False
corkbulb,Topic,1,False
corkbulb root,Topic,2,False
corprus disease,Topic,23,False
corprus in Ald'ruhn,Topic,2,False
corprus victims,Topic,3,False
corprus weepings,Topic,2,False
corruption,Topic,21,False
counsel of Sul-Matuul,Topic,2,False
courtesy,Topic,14,False
crab meat,Topic,2,False
craftsmen,Topic,5,False
crater citadels,Topic,12,False
credentials,Topic,6,False
crew has failed me,Topic,4,False
cross the water,Topic,2,False
crossbow,Topic,1,False
crossroads,Topic,5,False
cure potions,Topic,4,False
cure skooma addict,Topic,14,False
cure spells,Topic,7,False
current events,Topic,8,False
curse of Dagoth Ur,Topic,1,False
custom armor,Topic,1,False
custom fur armor,Topic,1,False
daedroth,Topic,2,True
dagger,Topic,1,False
dai-katana,Topic,1,False
dance,Topic,6,False
dangerous trip,Topic,5,False
dark business,Topic,8,False
dart,Topic,1,False
daughters,Topic,1,False
death of the horkers,Topic,9,False
debt money,Topic,33,False
debt to pay,Topic,9,False
decision,Topic,25,False
defeat Dagoth Ur,Topic,3,False
defiled these lands,Topic,2,False
deliver the payment,Topic,1,False
deliver the potion,Topic,2,False
deliver this slave,Topic,9,False
delivery for Llaalam Dredil,Topic,1,False
destination,Topic,31,False
destroy my people,Topic,2,False
destruction,Topic,1,False
destruction spells,Topic,7,False
detect potions,Topic,4,False
diamond,Topic,8,False
die like a warrior,Topic,3,False
discerning eye,Topic,1,False
discontent in the Temple,Topic,24,False
discovery,Topic,1,False
discuss,Topic,4,False
disease,Topic,7,False
diseased creatures,Topic,2,False
disintegration,Topic,7,False
disloyalty among the Guards,Topic,13,False
distract the guard,Topic,4,False
disturbance on the lake,Topic,3,False
disturbing dreams,Topic,19,False
disturbing information,Topic,3,False
disturbing trends,Topic,3,False
divine powers,Topic,1,False
do me a favor,Topic,6,False
do you for,Topic,5,False
doing some business,Topic,1,False
domination spells,Topic,7,False
don't belong here,Topic,3,False
donate 500 drakes,Topic,23,False
donate Cyrodilic brandy,Topic,20,False
dragons,Topic,1,False
drastic measures,Topic,3,False
draugr,Topic,7,False
dream of verse,Topic,1,False
dreams and visions,Topic,5,False
dremora,Topic,2,False
dreugh,Topic,2,False
dreugh wax,Topic,2,False
drink away,Topic,4,False
dry fort,Topic,15,False
duel,Topic,23,False
duties,Topic,1,False
duty,Topic,1,False
dwarven ghost,Topic,2,False
dwarven limeware,Topic,13,False
ebony,Topic,3,False
ebony armor,Topic,44,False
ebony trade,Topic,25,False
echo of souls,Topic,1,False
ectoplasm,Topic,2,False
edgy,Topic,3,False
egg mining,Topic,4,False
egg poachers,Topic,14,False
eggmines,Topic,2,False
elemental damage,Topic,7,False
embezzled funds,Topic,32,False
emerald,Topic,2,False
enchant,Topic,1,False
enchanted weapons,Topic,1,False
enchanters,Topic,10,False
enchanting items,Topic,24,False
enchantment,Topic,6,False
enchantments,Topic,5,False
endurance,Topic,7,False
endure their attacks,Topic,1,False
ensure our success,Topic,2,False
enter the mead hall,Topic,1,False
epidemic,Topic,3,False
equipment,Topic,18,False
equipment chest,Topic,1,False
erroneous documents,Topic,28,False
escape,Topic,8,False
escape from cultists,Topic,1,False
escort,Topic,4,False
essential supplies,Topic,5,False
estate,Topic,21,False
eternal wakefulness,Topic,5,False
evidence of conspiracy,Topic,38,False
evidence of corruption,Topic,18,False
excavation report,Topic,21,False
exile,Topic,9,False
exotic armor types,Topic,6,False
exotic items,Topic,1,False
exotic products,Topic,2,False
explanation,Topic,5,False
explanations,Topic,1,False
explore together,Topic,4,False
exquisite clothes,Topic,1,False
exquisite shoes,Topic,2,False
extra payment,Topic,14,False
eye of the needle,Topic,8,False
factions,Topic,6,False
failed in our quest,Topic,5,False
faith,Topic,1,False
fake soul gem,Topic,4,False
fallen brother,Topic,6,False
family crest,Topic,7,False
family heirlooms,Topic,10,False
fast_eddie,Journal,1,False
father's amulet,Topic,9,False
fatigue,Topic,7,False
feel ill,Topic,5,False
festering witch,Topic,7,False
fight me,Topic,9,False
fight my champion,Topic,8,False
fight through,Topic,3,False
fight together,Topic,8,False
fighter disciplines,Topic,1,False
filthy lizard,Topic,9,False
final questions,Topic,24,False
find our way,Topic,4,False
find the Captain,Topic,12,False
fines,Topic,2,False
fines and compensation,Topic,2,False
fire petals,Topic,2,False
fire salts,Topic,2,False
flame atronach,Topic,2,False
flin,Topic,9,False
flowers,Topic,7,False
flying creatures,Topic,2,False
food and drink,Topic,12,False
food in Morrowind,Topic,9,False
foolishness,Topic,2,False
foreigners,Topic,4,False
forge the blade,Topic,10,False
forged land deed,Topic,22,False
fortify potions,Topic,6,False
fortify spells,Topic,7,False
fortune,Topic,16,False
found dead,Topic,2,False
four more pieces,Topic,3,False
four smugglers,Topic,2,False
foyada,Topic,4,False
freelance work,Topic,1,False
friend's bookstore,Topic,2,False
friendly wager,Topic,12,False
frost atronach,Topic,2,False
frost centurion,Topic,2,False
frost salts,Topic,2,False
fryse hags,Topic,2,False
fund for the widow,Topic,5,False
fundamental attributes,Topic,7,False
further assistance,Topic,1,False
future rewards,Topic,3,False
game of shells,Topic,16,False
game rats,Topic,12,False
generous pledge,Topic,7,False
geographic regions,Topic,3,False
geography of Morrowind,Topic,13,False
geography of Vvardenfell,Topic,7,False
get cured,Topic,8,False
get me killed,Topic,2,False
get me out,Topic,17,False
get on with it,Topic,1,False
get rid of him,Topic,9,False
get that contract,Topic,5,False
get upstairs,Topic,5,False
giant bull netch,Topic,2,False
glass,Topic,1,False
glass armor,Topic,44,False
go fishing,Topic,4,False
go free,Topic,51,False
go with you,Topic,7,False
goblin army,Topic,7,False
goblins,Topic,6,False
gold kanet,Topic,3,False
gold kanet flower,Topic,5,False
golden saints,Topic,2,False
gone missing,Topic,5,False
good Daedra,Topic,5,True
grace of the lady,Topic,1,False
gracious keeper,Topic,1,False
gravedust,Topic,2,False
great horror,Topic,1,False
greater bonewalker,Topic,2,False
greater honor,Topic,1,False
greater purpose,Topic,4,False
greater saints,Topic,4,False
greef,Topic,3,False
green lichen,Topic,2,False
grew old,Topic,2,False
grove,Topic,6,False
guar,Topic,5,False
guar hide,Topic,2,False
guar hide shipment,Topic,23,False
guar hides,Topic,12,False
guard,Topic,5,False
guard against bandits,Topic,14,False
guarskin drum,Topic,3,False
guild guide,Topic,8,False
guilds and factions,Topic,1,False
gulakhan,Topic,2,False
hackle-lo leaf,Topic,2,False
had my revenge,Topic,4,False
halberd,Topic,1,False
halt the mining,Topic,9,False
hand to hand,Topic,1,False
haunted house,Topic,4,False
head the Blades,Topic,1,False
healer,Topic,6,False
healing altar,Topic,6,False
health,Topic,7,False
heather,Topic,3,False
heavy armor,Topic,1,False
heavy armor styles,Topic,7,False
heavy loads,Topic,2,False
held prisoner,Topic,3,False
help Shunari,Topic,9,False
help a poor pilgrim,Topic,7,False
help in a fight,Topic,1,False
help me,Topic,4,False
help us fight,Topic,12,False
herd animals,Topic,2,False
high places,Topic,1,False
hire a wizard,Topic,14,False
hire an explorer,Topic,4,False
hire guards,Topic,54,False
his madness,Topic,1,False
his saber,Topic,6,False
history books,Topic,22,False
history of the Ashlanders,Topic,1,False
holy place,Topic,4,False
homemade potions,Topic,4,False
hope of escape,Topic,14,False
horkers,Topic,8,False
horses,Topic,1,False
hospitality,Topic,3,False
hostile mudcrabs,Topic,12,False
hound meat,Topic,2,False
household slaves,Topic,1,False
hunger,Topic,2,False
husband was murdered,Topic,4,False
hypha facia,Topic,3,False
illusion,Topic,1,False
illusion potions,Topic,4,False
illusion spells,Topic,7,False
important cult matter,Topic,2,False
improve my effectiveness,Topic,1,False
information gathering,Topic,5,False
ingredients,Topic,2,False
initiation rite,Topic,4,False
inside the Ghostfence,Topic,2,False
intelligence,Topic,7,False
investigate a crime,Topic,15,False
investigate the disturbance,Topic,10,False
invitation,Topic,1,False
iron,Topic,1,False
its own drama,Topic,1,False
jewels,Topic,5,False
jobs,Topic,37,False
join House Hlaalu,Topic,12,False
join House Redoran,Topic,11,False
join House Telvanni,Topic,17,False
join our cause,Topic,11,False
join the Council,Topic,7,False
join the East Empire Company,Topic,6,False
join the Fighters Guild,Topic,9,False
join the Imperial Cult,Topic,18,False
join the Imperial Legion,Topic,13,False
join the Mages Guild,Topic,7,False
join the Morag Tong,Topic,26,False
join the Royal Guards,Topic,35,False
join the Temple,Topic,17,False
join the Thieves Guild,Topic,19,False
join us,Topic,14,False
joining Great Houses,Topic,4,False
justice,Topic,1,False
kagouti,Topic,6,False
kagouti hide,Topic,2,False
katana,Topic,1,False
keep me from my task,Topic,2,False
keep me healthy,Topic,3,False
kill me,Topic,7,False
killed by your kind,Topic,1,False
killing and murder,Topic,28,False
kindly Redguard,Topic,9,False
kiss,Topic,3,False
know my husband,Topic,9,False
know you,Topic,1,False
kresh fiber,Topic,2,False
kwama,Topic,2,False
kwama cuttle,Topic,2,False
kwama egg,Topic,2,False
kwama forager,Topic,2,False
kwama queen,Topic,2,False
kwama warrior,Topic,2,False
kwama worker,Topic,2,False
lady in distress,Topic,6,False
lame corprus,Topic,2,False
land deed,Topic,19,False
large bipedal predators,Topic,2,False
latest rumors,Topic,34,False
law,Topic,1,False
law in Morrowind,Topic,11,False
lay healers,Topic,1,False
lay member,Topic,2,False
lay servant,Topic,2,False
leaflet,Topic,11,False
learn more about the attacks,Topic,5,False
leave Vivec City,Topic,16,False
leave immediately,Topic,2,False
lesser saints,Topic,4,False
lesson in power,Topic,1,False
life as a trader,Topic,1,False
lifeless one,Topic,1,False
light armor,Topic,1,False
light armor styles,Topic,8,False
limitations to our power,Topic,3,False
line of work,Topic,4,False
literacy,Topic,1,False
little advice,Topic,14,False
little secret,Topic,7,False
little story,Topic,7,False
little suggestion,Topic,2,False
local brews,Topic,1,False
local savages,Topic,2,False
locked door,Topic,2,False
lockpicks,Topic,2,False
long blade,Topic,1,False
long blades,Topic,7,False
long bow,Topic,1,False
longsword,Topic,1,False
looks like Tarvus,Topic,3,False
losing a new customer,Topic,4,False
lost prophecies,Topic,10,False
love letter,Topic,7,False
lover feels,Topic,1,False
luck,Topic,7,False
luminous russula,Topic,3,False
mabrigash,Topic,14,False
mace,Topic,1,False
mad hermit,Topic,1,False
made invisible,Topic,5,False
mage disciplines,Topic,1,False
magicka,Topic,7,False
maiden's token,Topic,13,False
make a deal,Topic,5,False
make amends,Topic,43,False
make it safe,Topic,3,False
make your submission,Topic,1,False
making a deal,Topic,6,False
making ourselves ready,Topic,1,False
man he once was,Topic,1,False
marksman,Topic,1,False
marksman weapons,Topic,7,False
marshmerrow,Topic,3,False
martial arts,Topic,8,False
master is gone,Topic,2,False
master thief,Topic,7,False
material and craft,Topic,1,False
material gains,Topic,4,False
matters to discuss,Topic,1,False
mazte,Topic,3,False
mead,Topic,8,False
mead hall business,Topic,12,False
medium armor,Topic,1,False
medium armor styles,Topic,6,False
meet the archcanon,Topic,8,False
mercantile,Topic,1,False
mercantile skills,Topic,5,False
mercenaries,Topic,4,False
message,Topic,2,False
messenger,Topic,9,False
mineral products,Topic,2,False
missing Hand,Topic,11,False
missing silver bowl,Topic,10,False
missionary work,Topic,2,False
misuse it,Topic,2,False
moon sugar,Topic,2,False
moon sugar investigation,Topic,5,False
morale has been low,Topic,15,False
mother's heart,Topic,2,False
mounts,Topic,1,False
mouth of the cave,Topic,12,False
moving corpses,Topic,1,False
much to atone for,Topic,2,False
much to do,Topic,1,False
muck,Topic,13,False
muddled,Topic,8,False
multiplayer,Topic,1,False
murder Nerevar,Topic,1,False
murder of Processus Vitellius,Topic,20,False
murderer's description,Topic,10,False
murderous outlaws,Topic,5,False
mushrooms,Topic,7,False
must act,Topic,2,False
must be cleansed,Topic,1,False
must be stopped,Topic,4,False
must get home,Topic,6,False
my airship,Topic,2,False
my bridegroom,Topic,2,False
my collection,Topic,23,False
my friend,Topic,23,False
my glove,Topic,4,False
my gulakhans,Topic,1,False
my husband,Topic,9,False
my imprisonment,Topic,1,False
my library,Topic,1,False
my locket,Topic,3,False
my only friend,Topic,6,False
my own problems,Topic,3,False
my race,Topic,1,False
my story,Topic,3,False
my tale,Topic,0,False
my trade,Topic,2,False
my unfortunate brother,Topic,1,False
mysticism,Topic,1,False
mysticism potions,Topic,4,False
mysticism spells,Topic,7,False
mythopoeic enchantments,Topic,31,False
n'wah must die,Topic,30,False
naked liches,Topic,1,False
name is unimportant,Topic,1,False
name you Nerevarine,Topic,6,False
naming the Nerevarine,Topic,1,False
native Dunmer culture,Topic,4,False
native creatures,Topic,2,False
necromancers,Topic,5,False
necromancy,Topic,57,False
need,Topic,1,False
need wives,Topic,37,False
netch leather,Topic,2,False
new clothes,Topic,12,False
new friend,Topic,1,False
new play,Topic,3,False
new recruits,Topic,3,False
news,Topic,1,False
nice present,Topic,2,False
nix-hound,Topic,2,False
no public appearance,Topic,1,False
not the one,Topic,2,False
note from Bashuk,Topic,2,False
note from Bugrol,Topic,3,False
note from Nelos,Topic,3,False
nothing could be better,Topic,1,False
nothing left,Topic,1,False
nudity,Topic,1,False
official matter,Topic,17,False
ogrim,Topic,2,False
old man's anguish,Topic,10,False
ominous signs,Topic,4,False
one more task,Topic,1,False
one piece,Topic,1,False
one thing further,Topic,4,False
opportunities,Topic,2,False
other cults,Topic,12,False
other matters,Topic,1,False
other mysticism spells,Topic,7,False
our business,Topic,1,False
our collection,Topic,1,False
our dark powers,Topic,3,False
our enemy,Topic,1,False
outlander,Topic,11,False
overdue payment,Topic,19,False
owe me money,Topic,10,False
pack of nix-hounds,Topic,2,False
pants,Topic,10,False
particular item,Topic,9,False
parting words,Topic,4,False
pass the test,Topic,2,False
patron,Topic,11,False
peace-loving Erabenimsun,Topic,3,False
pearl,Topic,2,False
people cannot read,Topic,10,False
people of Morrowind,Topic,2,False
persecute the Dissident Priests,Topic,1,False
persecuted by the Temple,Topic,1,False
persecution of the Nerevarine,Topic,2,False
personal vengeance,Topic,3,False
personality,Topic,7,False
pick axes,Topic,17,False
pieces of the blade,Topic,15,False
pilgrimage,Topic,1,False
pilgrimages,Topic,12,False
pillow shipment,Topic,1,False
plan,Topic,1,False
plan to serve me,Topic,2,False
plans for you,Topic,3,False
please the All-Maker,Topic,5,False
pligrimage,Topic,1,False
plot,Topic,11,False
plunder the dungeon,Topic,5,False
politics and religion,Topic,4,False
poor old Emperor,Topic,1,False
popular potions,Topic,1,False
popular scrolls,Topic,1,False
potion,Topic,9,False
potion of Cure Common Disease,Topic,5,False
potion recipe,Topic,12,False
potions,Topic,4,False
powers all vampires possess,Topic,3,False
practice your skills,Topic,1,False
prepare for battle,Topic,1,False
present,Topic,5,False
preserve the peace,Topic,6,False
pressing business,Topic,6,False
price on your head,Topic,14,False
prices are a bit high,Topic,2,False
private back entrance,Topic,1,False
private quarters,Topic,1,False
probes,Topic,2,False
profane tools,Topic,1,False
profit,Topic,1,False
promoted to Operative,Topic,2,False
promotion,Topic,16,False
proof,Topic,8,False
proper authorization,Topic,2,False
proposition,Topic,5,False
protect Barenziah,Topic,6,False
protect these people,Topic,1,False
prove your strength,Topic,2,False
prove your wisdom,Topic,5,False
prove yourself,Topic,1,False
provide comfort,Topic,1,False
punabi,Topic,1,False
punishment,Topic,2,False
questions,Topic,1,False
racer plumes,Topic,2,False
races,Topic,2,False
rat,Topic,2,False
rat infestation,Topic,8,False
rat meat,Topic,2,False
raw ebony,Topic,3,False
raw glass,Topic,2,False
raw materials,Topic,7,False
re-hire,Topic,18,False
ready to go,Topic,7,False
rebuilding the Temple,Topic,1,False
recalled,Topic,1,False
recent events,Topic,2,False
reclaim your station,Topic,1,False
recover some gold,Topic,1,False
recover the amulet,Topic,2,False
recruit some miners,Topic,17,False
red lichen,Topic,2,False
regret this mistake,Topic,2,False
remarkable hat,Topic,1,False
remember being mortal,Topic,2,False
rent and taxes,Topic,21,False
reorganize the Temple,Topic,1,False
repair my bots,Topic,13,False
report,Topic,22,False
require aid,Topic,5,False
resin,Topic,2,False
resist potions,Topic,4,False
resist spells,Topic,7,False
respect House Hlaalu,Topic,8,False
restoration,Topic,1,False
restoration spells,Topic,7,False
restore potions,Topic,4,False
restore spells,Topic,7,False
restore the power of the Skaal,Topic,8,False
return to Vivec,Topic,4,False
return your favor,Topic,7,False
revolt,Topic,3,False
reward,Topic,7,False
rid me of this unlife,Topic,1,False
riddle,Topic,31,False
ring,Topic,5,False
robbed me,Topic,4,False
romance_ahnassi_A,Journal,2,False
roobrush,Topic,2,False
roots,Topic,14,False
rope climbing,Topic,1,False
ruby,Topic,2,False
rules,Topic,12,False
rules_blades,Journal,1,False
rules_fighters,Journal,1,False
rules_hlaalu,Journal,1,False
rules_legion,Journal,1,False
rules_mages,Journal,1,False
rules_morag,Journal,1,False
rules_redoran,Journal,1,False
rules_telvanni,Journal,1,False
rules_temple,Journal,1,False
rules_thieves,Journal,1,False
run of bad luck,Topic,1,False
runaway slave,Topic,3,False
running an errand,Topic,6,False
saber,Topic,1,False
sacred,Topic,1,False
sacrifice to the wolves,Topic,9,False
safe place,Topic,4,False
saints,Topic,8,False
saltrice,Topic,2,False
say that again,Topic,8,False
scales,Topic,2,False
scared,Topic,9,False
scathecraw,Topic,2,False
scrap metal,Topic,15,False
scrib,Topic,2,False
scrib jelly,Topic,7,False
scrib jerky,Topic,2,False
scroll,Topic,8,False
sculptor,Topic,8,False
scuttle,Topic,2,False
sealed Daedric ruin,Topic,5,True
sealed orders,Topic,25,False
sealed report,Topic,13,False
secret order,Topic,1,False
secret passage,Topic,4,False
security,Topic,2,False
see my husband,Topic,8,False
see us dead,Topic,2,False
seen anything,Topic,12,False
seen him get angry,Topic,1,False
sell something,Topic,1,False
selling off,Topic,20,False
sensitive matters,Topic,8,False
serve me,Topic,5,False
service to our Lady,Topic,9,False
service to your king,Topic,2,False
services and hospitality,Topic,1,False
serving Great Houses,Topic,5,False
setting the prices,Topic,3,False
settlements in Morrowind,Topic,5,False
seven curses,Topic,1,False
seven victims,Topic,2,False
sewers and ruins,Topic,1,False
shalk,Topic,2,False
shalk resin,Topic,2,False
shame House Redoran,Topic,3,False
share a care,Topic,12,False
share a gift,Topic,19,False
shein,Topic,3,False
shield potions,Topic,4,False
shields,Topic,6,False
shipment of ebony,Topic,26,False
shipments stopped arriving,Topic,5,False
shirt and vest,Topic,18,False
short blade,Topic,1,False
short blades,Topic,7,False
short bow,Topic,1,False
shortsword,Topic,1,False
shrine has been corrupted,Topic,1,False
shrine sergeant,Topic,2,False
shrines,Topic,31,False
silly pilgrims,Topic,1,False
silly song,Topic,1,False
silt strider,Topic,6,False
silt strider service,Topic,2,False
silver,Topic,1,False
silver longsword,Topic,5,False
skeleton,Topic,2,False
skin of the pearl,Topic,10,False
skooma,Topic,6,False
slander,Topic,23,False
slaughter,Topic,2,False
slaughterfish,Topic,2,False
slaughterfish bite,Topic,2,False
slave,Topic,3,False
slave rebellion,Topic,16,False
slavehunters,Topic,2,False
slavery,Topic,27,False
slaves,Topic,1,False
slight inconvenience,Topic,1,False
small predators,Topic,2,False
smooth moves,Topic,1,False
smuggling raw ebony,Topic,6,False
sneak,Topic,1,False
sneak past,Topic,1,False
snow,Topic,5,False
snow bear armor,Topic,44,False
snow bears,Topic,5,False
snow wolf armor,Topic,44,False
snow wolves,Topic,5,False
some notorious thieves,Topic,4,False
some presents,Topic,2,False
some research,Topic,2,False
some understanding,Topic,1,False
some work,Topic,3,False
someone in particular,Topic,14,False
someone killed,Topic,7,False
something special,Topic,19,False
speak with her directly,Topic,1,False
spear,Topic,2,False
spears,Topic,6,False
special duties,Topic,14,False
specific place,Topic,12,False
speechcraft,Topic,4,False
speed,Topic,7,False
spell to Cure Disease,Topic,3,False
splendid armor,Topic,5,False
spoken to Eraldil,Topic,2,False
spore pod,Topic,2,False
staff,Topic,1,False
statue book,Topic,5,False
stealth disciplines,Topic,1,False
steam centurion,Topic,2,False
steel,Topic,1,False
stock certificate,Topic,62,False
stole all my goods,Topic,9,False
stolen book,Topic,5,False
stolen reports,Topic,17,False
stoneflower petals,Topic,3,False
storm atronach,Topic,2,False
strange devices,Topic,3,False
strange man,Topic,4,False
strength,Topic,7,False
strong souls,Topic,6,False
stronghold,Topic,66,False
study for the priesthood,Topic,1,False
submit myself,Topic,11,False
suits of armor,Topic,2,False
sujamma,Topic,11,False
summoning spells,Topic,7,False
support on the Council,Topic,10,False
suppress the Apographa,Topic,1,False
surrender,Topic,1,False
survivor,Topic,3,False
take over,Topic,3,False
taken by cultists,Topic,2,False
taking Cloudcleaver,Topic,3,False
tales of your exploits,Topic,1,False
talk me to death,Topic,1,False
talk to a Dwemer,Topic,5,False
talking mudcrab merchant,Topic,2,False
tanto,Topic,1,False
task,Topic,1,False
taunt the Daedra,Topic,4,True
taxes from Gnisis,Topic,14,False
teeth of the wind,Topic,8,False
tell your future,Topic,4,False
terrible haunting,Topic,2,False
that night at sea,Topic,2,False
the Blight,Topic,6,False
the Cleansing,Topic,3,False
the Curse's Bane,Topic,1,False
the Dark Elven Curse,Topic,2,False
the Dwemer,Topic,1,False
the Empire,Topic,6,False
the Seven Visions,Topic,6,False
the Stranger,Topic,3,False
the Udyrfrykte,Topic,10,False
the choice I give you,Topic,3,False
the crime,Topic,1,False
the divine disease,Topic,1,False
the dream is the door,Topic,2,False
the mainland,Topic,2,False
the moon-and-star,Topic,1,False
the power of the Skaal,Topic,8,False
the rules,Topic,1,False
the star is the key,Topic,1,False
theater troupe,Topic,5,False
thefts and disappearances,Topic,2,False
theories,Topic,1,False
thieving Ashlanders,Topic,5,False
this matter,Topic,2,False
thoughtful gift,Topic,28,False
threat to our monarchy,Topic,2,False
three main cultures,Topic,6,False
three questions,Topic,8,False
three signs,Topic,2,False
throwing knife,Topic,1,False
throwing star,Topic,1,False
tip,Topic,2,False
to be a god,Topic,3,False
to serve,Topic,1,False
tokens,Topic,4,False
town_Sadrith,Journal,13,False
town_Tel_Vos,Journal,2,False
town_Tel_Vos_ashur,Journal,2,False
town_Tel_Vos_he,Journal,2,False
town_Tel_Vos_she,Journal,2,False
town_Tel_Vos_wise,Journal,2,False
town_Vivec,Journal,3,False
town_ald_ienas,Journal,1,False
town_balmora,Journal,3,False
town_sadrith_expert,Journal,2,False
toxic potions,Topic,4,False
trade goods wanted,Topic,11,False
trader,Topic,9,False
trained scribs and rats,Topic,1,False
trama root,Topic,2,False
transport spells,Topic,7,False
transport to Mournhold,Topic,8,False
transport to Vvardenfell,Topic,3,False
trap door,Topic,2,False
travel together,Topic,15,False
trouble with bandits,Topic,12,False
troublesome fools,Topic,3,False
troubling times,Topic,2,False
true and good friend,Topic,1,False
twin blades,Topic,2,False
ultimatum,Topic,7,False
unarmored,Topic,5,False
uncle's farm,Topic,4,False
undead creatures,Topic,2,False
understand nothing,Topic,2,False
underworks,Topic,3,False
unholy ritual,Topic,9,False
unique dwemer artifact,Topic,1,False
unsanctioned training,Topic,21,False
unstable,Topic,1,False
use to me,Topic,5,False
using enchantments,Topic,4,False
vampire hunter,Topic,5,False
vampires,Topic,28,False
vampirism,Topic,5,False
vampirism cure,Topic,11,False
vegetable products,Topic,2,False
verdict is yours,Topic,4,False
violet coprinus,Topic,3,False
vision of Azura,Topic,1,False
visit anyone,Topic,5,False
visiting an Ashlander camp,Topic,5,False
void salts,Topic,2,False
vulnerability,Topic,7,False
wakizashi,Topic,1,False
want to be ashkhan,Topic,24,False
wanted to know,Topic,1,False
war axe,Topic,1,False
war on the Nerevarine,Topic,1,False
war-loving Erabenimsun,Topic,2,False
warhammer,Topic,1,False
was cast out,Topic,2,False
watched by Ordinators,Topic,1,False
water creatures,Topic,2,False
way to escape,Topic,7,False
we have survived,Topic,1,False
weapon repair,Topic,6,False
weapon types,Topic,5,False
weapons being smuggled,Topic,29,False
weresharks,Topic,1,False
werewolves,Topic,9,False
wergild,Topic,10,False
what Manirai says,Topic,2,False
what you should know,Topic,1,False
what you've learned,Topic,2,False
where is Dagoth Ur,Topic,1,False
white guar,Topic,4,False
who are you,Topic,2,False
who can help,Topic,1,False
who to talk to,Topic,1,False
whom you may trust,Topic,2,False
wickwheat,Topic,2,False
wife of Divayth Fyr,Topic,1,False
wild nix hounds,Topic,8,False
will not submit,Topic,6,False
willow anther,Topic,4,False
willpower,Topic,7,False
winged twilight,Topic,2,False
wisdom guides me,Topic,1,False
witch nearby,Topic,4,False
witnesses,Topic,1,False
wizard spells,Topic,5,False
wolf creatures,Topic,2,False
wolves,Topic,6,False
woman with a dagger,Topic,11,False
women,Topic,40,False
work,Topic,79,False
worn armor,Topic,8,False
worn weapons,Topic,8,False
worthy enough,Topic,4,False
wraith,Topic,2,False
yield,Topic,1,False
you are the one,Topic,1,False
your business here,Topic,2,False
your plan,Topic,2,False
your quarters,Topic,1,False
